contract_id,n_chars,has_ld
LIMEENERGYCO_09_09_1999-EX-10-DISTRIBUTOR AGREEMENT,54290,0
"WHITESMOKE,INC_11_08_2011-EX-10.26-PROMOTION AND DISTRIBUTION AGREEMENT",70383,0
LohaCompanyltd_20191209_F-1_EX-10.16_11917878_EX-10.16_Supply Agreement,11475,0
CENTRACKINTERNATIONALINC_10_29_1999-EX-10.3-WEB SITE HOSTING AGREEMENT,15176,0
NELNETINC_04_08_2020-EX-1-JOINT FILING AGREEMENT,1081,0
ADAMSGOLFINC_03_21_2005-EX-10.17-ENDORSEMENT AGREEMENT,24632,0
"KIROMICBIOPHARMA,INC_05_11_2020-EX-10.23-CONSULTING AGREEMENT",18403,0
"VEONEER,INC_02_21_2020-EX-10.11-JOINT VENTURE AGREEMENT",8257,0
DovaPharmaceuticalsInc_20181108_10-Q_EX-10.2_11414857_EX-10.2_Promotion Agreement,175580,1
"PACIRA PHARMACEUTICALS, INC. - A_R STRATEGIC LICENSING, DISTRIBUTION AND MARKETING AGREEMENT ",145168,0
"MetLife, Inc. - Remarketing Agreement",111249,0
"FTENETWORKS,INC_02_18_2016-EX-99.4-STRATEGIC ALLIANCE AGREEMENT",37829,1
DOMINIADVISORTRUST_02_18_2005-EX-99.(H)(2)-SPONSORSHIP AGREEMENT,12555,0
PfHospitalityGroupInc_20150923_10-12G_EX-10.1_9266710_EX-10.1_Franchise Agreement3,6772,0
CerenceInc_20191002_8-K_EX-10.4_11827494_EX-10.4_Intellectual Property Agreement,62170,0
ThriventVariableInsuranceAccountB_20190701_N-6_EX-99.D(IV)_11720968_EX-99.D(IV)_Endorsement Agreement,4871,0
ReynoldsConsumerProductsInc_20191115_S-1_EX-10.18_11896469_EX-10.18_Supply Agreement,61710,0
IntegrityFunds_20200121_485BPOS_EX-99.E UNDR CONTR_11948727_EX-99.E UNDR CONTR_Service Agreement,23845,0
PREMIERBIOMEDICALINC_05_14_2020-EX-10.2-INTELLECTUAL PROPERTY AGREEMENT,23282,0
"SIBANNAC,INC_12_04_2017-EX-2.1-Strategic Alliance Agreement",8380,0
INTRICONCORP_03_10_2009-EX-10.22-Strategic Alliance Agreement,52967,0
BONTONSTORESINC_04_20_2018-EX-99.3-AGENCY AGREEMENT,161626,1
"ON2TECHNOLOGIES,INC_11_17_2006-EX-10.3-SUPPORT AND MAINTENANCE AGREEMENT",61392,0
Freecook_20180605_S-1_EX-10.3_11233807_EX-10.3_Hosting Agreement,6341,0
OPERALTD_04_30_2020-EX-4.14-SERVICE AGREEMENT,20983,0
"BORROWMONEYCOM,INC_06_11_2020-EX-10.1-JOINT VENTURE AGREEMENT",21450,0
ZEBRATECHNOLOGIESCORP_04_16_2014-EX-10.1-INTELLECTUAL PROPERTY AGREEMENT,127205,0
ChinaRealEstateInformationCorp_20090929_F-1_EX-10.32_4771615_EX-10.32_Content License Agreement,49191,0
"HERTZGLOBALHOLDINGS,INC_07_07_2016-EX-10.4-INTELLECTUAL PROPERTY AGREEMENT",30968,0
GLOBALTECHNOLOGIESLTD_06_08_2020-EX-10.16-CONSULTING AGREEMENT,20805,0
PfHospitalityGroupInc_20150923_10-12G_EX-10.1_9266710_EX-10.1_Franchise Agreement1,152649,1
CORIOINC_07_20_2000-EX-10.5-LICENSE AND HOSTING AGREEMENT,62324,0
TUNIUCORP_03_06_2014-EX-10-COOPERATION AGREEMENT,17917,1
CYBERIANOUTPOSTINC_07_09_1998-EX-10.13-PROMOTION AGREEMENT,25288,0
SENMIAOTECHNOLOGYLTD_02_19_2019-EX-10.5-Collaboration Agreement,73890,1
HealthcareIntegratedTechnologiesInc_20190812_8-K_EX-10.1_11776966_EX-10.1_Reseller Agreement,22288,0
LOYALTYPOINTINC_11_16_2004-EX-10.2-RESELLER AGREEMENT,117478,0
BNCMORTGAGEINC_05_17_1999-EX-10.4-LICENSING AND WEB SITE HOSTING AGREEMENT,32680,0
ENERGOUSCORP_03_16_2017-EX-10.24-STRATEGIC ALLIANCE AGREEMENT,81926,0
CytodynInc_20200109_10-Q_EX-10.5_11941634_EX-10.5_License Agreement,159488,0
MSCIINC_02_28_2008-EX-10.10-,11770,0
NICELTD_06_26_2003-EX-4.5-OUTSOURCING AGREEMENT,148163,1
ImpresseCorp_20000322_S-1A_EX-10.11_5199234_EX-10.11_Co-Branding Agreement,47639,0
AlliedEsportsEntertainmentInc_20190815_8-K_EX-10.19_11788293_EX-10.19_Content License Agreement,35504,0
CHERRYHILLMORTGAGEINVESTMENTCORP_09_26_2013-EX-10.1-Strategic Alliance Agreement,27741,0
CreditcardscomInc_20070810_S-1_EX-10.33_362297_EX-10.33_Affiliate Agreement,28804,0
GALACTICOMMTECHNOLOGIESINC_11_07_1997-EX-10.46-WEB HOSTING AGREEMENT,1660,0
"Zounds Hearing, Inc. - MANUFACTURING DESIGN MARKETING AGREEMENT",47001,1
CUROGROUPHOLDINGSCORP_05_04_2020-EX-10.3-SERVICING AGREEMENT,36602,0
SouthernStarEnergyInc_20051202_SB-2A_EX-9_801890_EX-9_Affiliate Agreement,22721,0
ConformisInc_20191101_10-Q_EX-10.6_11861402_EX-10.6_Development Agreement,63217,0
Principal Life Insurance Company - Broker Dealer Marketing and Servicing Agreement,29599,0
LegacyEducationAllianceInc_20200330_10-K_EX-10.18_12090678_EX-10.18_Development Agreement,46255,0
VerizonAbsLlc_20200123_8-K_EX-10.4_11952335_EX-10.4_Service Agreement,289615,0
VERICELCORP_08_06_2019-EX-10.10-SUPPLY AGREEMENT,102006,0
WPPPLC_04_30_2020-EX-4.28-SERVICE AGREEMENT,65547,0
"WASTE2ENERGYHOLDINGS,INC_06_03_2010-EX-10.2-STRATEGIC ALLIANCE AGREEMENT",40442,0
WORLDWIDESTRATEGIESINC_11_02_2005-EX-10-RESELLER AGREEMENT,84618,0
FEDERATEDGOVERNMENTINCOMESECURITIESINC_04_28_2020-EX-99.SERV AGREE-SERVICES AGREEMENT_SECONDAMENDMENT,5466,0
AzulSa_20170303_F-1A_EX-10.3_9943903_EX-10.3_Maintenance Agreement2,16870,0
PelicanDeliversInc_20200211_S-1_EX-10.3_11975895_EX-10.3_Development Agreement1,16590,0
ORBSATCORP_08_17_2007-EX-7.3-STRATEGIC ALLIANCE AGREEMENT,18445,0
DRAGONSYSTEMSINC_01_08_1999-EX-10.17-OUTSOURCING AGREEMENT,8599,0
SEPARATEACCOUNTIIOFAGL_05_02_2011-EX-99.(J)(4)-UNCONDITIONAL CAPITAL MAINTENANCE AGREEMENT,20121,0
GridironBionutrientsInc_20171206_8-K_EX-10.2_10972556_EX-10.2_Endorsement Agreement,3456,0
ImperialGardenResortInc_20161028_DRS (on F-1)_EX-10.13_9963189_EX-10.13_Outsourcing Agreement,12260,0
"VIRGINGALACTICHOLDINGS,INC_04_08_2020-EX-99.1-JOINT FILING STATEMENT",1194,0
FuseMedicalInc_20190321_10-K_EX-10.43_11575454_EX-10.43_Distributor Agreement,32502,0
ASPIRITYHOLDINGSLLC_05_07_2012-EX-10.6-OUTSOURCING AGREEMENT,67111,0
"OASYSMOBILE,INC_07_05_2001-EX-10.17-OUTSOURCING AGREEMENT",58860,0
MEDIWOUNDLTD_01_15_2014-EX-10.6-SUPPLY AGREEMENT,49915,0
UpjohnInc_20200121_10-12G_EX-2.6_11948692_EX-2.6_Manufacturing Agreement_ Supply Agreement,225094,0
"Antares Pharma, Inc. - Manufacturing Agreement",106786,0
RareElementResourcesLtd_20171019_SC 13D_EX-99.4_10897534_EX-99.4_Intellectual Property Agreement,34461,0
VARIABLESEPARATEACCOUNT_04_30_2014-EX-13.C-UNCONDITIONAL CAPITAL MAINTENANCE AGREEMENT,15202,0
ABILITYINC_06_15_2020-EX-4.25-SERVICES AGREEMENT,26346,0
ELECTRAMECCANICA VEHICLES CORP. - Manufacturing Agreement,47889,0
GopageCorp_20140221_10-K_EX-10.1_8432966_EX-10.1_Content License Agreement,39622,0
BICYCLETHERAPEUTICSPLC_03_10_2020-EX-10.11-SERVICE AGREEMENT,57041,0
FreezeTagInc_20180411_8-K_EX-10.1_11139603_EX-10.1_Sponsorship Agreement,26753,0
TELEGLOBEINTERNATIONALHOLDINGSLTD_03_29_2004-EX-10.10-CONSTRUCTION AND MAINTENANCE AGREEMENT,94266,0
WEBHELPCOMINC_03_22_2000-EX-10.8-HOSTING AGREEMENT,19257,0
INTERNATIONALFASTFOODCORP_04_04_1997-EX-99-FRANCHISE AGREEMENT,116873,0
BIOCEPTINC_08_19_2013-EX-10-COLLABORATION AGREEMENT,79052,0
PACIFICSYSTEMSCONTROLTECHNOLOGYINC_08_24_2000-EX-10.53-SPONSORSHIP AGREEMENT,4066,0
NANOPHASETECHNOLOGIESCORP_11_01_2005-EX-99.1-DISTRIBUTOR AGREEMENT,48612,0
AzulSa_20170303_F-1A_EX-10.3_9943903_EX-10.3_Maintenance Agreement1,233248,0
PelicanDeliversInc_20200211_S-1_EX-10.3_11975895_EX-10.3_Development Agreement2,32093,0
"NETGEAR,INC_04_21_2003-EX-10.16-AMENDMENT TO THE DISTRIBUTOR AGREEMENT BETWEEN INGRAM MICRO AND NETGEAR",8113,0
NEONSYSTEMSINC_03_01_1999-EX-10.5-DISTRIBUTOR AGREEMENT_Amendment,21994,0
"Columbia Laboratories, (Bermuda) Ltd. - AMEND NO. 2 TO MANUFACTURING AND SUPPLY AGREEMENT",45846,0
SPARKLINGSPRINGWATERHOLDINGSLTD_07_03_2002-EX-10.13-SOFTWARE LICENSE AND MAINTENANCE AGREEMENT,27714,0
N2KINC_10_16_1997-EX-10.16-SPONSORSHIP AGREEMENT,49518,0
NUVEEN - REMARKETING AGREEMENT,70631,0
ArconicRolledProductsCorp_20191217_10-12B_EX-2.7_11923804_EX-2.7_Trademark License Agreement,18069,0
SECURIANFUNDSTRUST_05_01_2012-EX-99.28.H.9-NET INVESTMENT INCOME MAINTENANCE AGREEMENT,9700,0
WELLSFARGOMORTGAGEBACKEDSECURITIES2006-6TRUST_05_11_2006-EX-10.3-Yield Maintenance Agreement,37683,0
REWALKROBOTICSLTD_07_10_2014-EX-10.2-STRATEGIC ALLIANCE AGREEMENT,14979,0
PenntexMidstreamPartnersLp_20150416_S-1A_EX-10.4_9042833_EX-10.4_Transportation Agreement,52008,0
FerroglobePlc_20150624_F-4A_EX-10.20_9154746_EX-10.20_Outsourcing Agreement,30309,0
TodosMedicalLtd_20190328_20-F_EX-4.10_11587157_EX-4.10_Marketing Agreement_ Reseller Agreement,32321,0
PrecheckHealthServicesInc_20200320_8-K_EX-99.2_12070169_EX-99.2_Distributor Agreement,6320,0
INKTOMICORP_06_08_1998-EX-10.14-SOFTWARE HOSTING AGREEMENT,70664,1
"OAKTREECAPITALGROUP,LLC_03_02_2020-EX-10.8-Services Agreement",20133,0
BANGIINC_05_25_2005-EX-10-Premium Managed Hosting Agreement,2010,0
AMERICANPHYSICIANSCAPITALINC_03_31_2003-EX-10.26-AGENCY AGREEMENT,23999,0
GULFSOUTHMEDICALSUPPLYINC_12_24_1997-EX-4-AFFILIATE AGREEMENT,27015,0
"BELLRINGBRANDS,INC_02_07_2020-EX-10.18-MASTER SUPPLY AGREEMENT",37876,0
AimmuneTherapeuticsInc_20200205_8-K_EX-10.3_11967170_EX-10.3_Development Agreement,167973,0
HEALTHGATEDATACORP_11_24_1999-EX-10.1-HOSTING AND MANAGEMENT AGREEMENT (1),148691,1
"INTELLIGENTHIGHWAYSOLUTIONS,INC_01_18_2018-EX-10.1-Strategic Alliance Agreement",8288,0
ATMOSENERGYCORP_11_22_2002-EX-10.17-TRANSPORTATION SERVICE AGREEMENT,24151,0
PacificapEntertainmentHoldingsInc_20051115_8-KA_EX-1.01_4300894_EX-1.01_Content License Agreement,18138,0
ReedsInc_20191113_10-Q_EX-10.4_11888303_EX-10.4_Development Agreement,28331,0
RgcResourcesInc_20151216_8-K_EX-10.3_9372751_EX-10.3_Franchise Agreement,5171,0
"BELLICUMPHARMACEUTICALS,INC_05_07_2019-EX-10.1-Supply Agreement",188674,0
MARTINMIDSTREAMPARTNERSLP_01_23_2004-EX-10.3-TRANSPORTATION SERVICES AGREEMENT,13995,0
RUBIOSRESTAURANTSINC_03_31_2008-EX-10.75-SPONSORSHIP AGREEMENT,37103,0
CardlyticsInc_20180112_S-1_EX-10.16_11002987_EX-10.16_Maintenance Agreement2,2819,0
"XLITECHNOLOGIES,INC_12_11_2015-EX-10.1-Sponsorship Agreement",18240,0
ScansourceInc_20190822_10-K_EX-10.38_11793958_EX-10.38_Distributor Agreement2,13330,0
VERTEXENERGYINC_08_14_2014-EX-10.24-OPERATION AND MAINTENANCE AGREEMENT,57254,0
NYLIACVARIABLEANNUITYSEPARATEACCOUNTIII_04_10_2020-EX-99.8.KK-SERVICE AGREEMENT,6840,0
STWRESOURCESHOLDINGCORP_08_06_2014-EX-10.1-COOPERATION AGREEMENT,27721,0
AlliedEsportsEntertainmentInc_20190815_8-K_EX-10.34_11788308_EX-10.34_Sponsorship Agreement,37796,0
SLOVAKWIRELESSFINANCECOBV_03_28_2001-EX-4.(B)(II).3-Maintenance and support contract for SICAP(R) modules,33577,0
ANIXABIOSCIENCESINC_06_09_2020-EX-10.1-COLLABORATION AGREEMENT,40519,0
"ELFBEAUTY,INC_07_02_2020-EX-10.1-COOPERATION AGREEMENT",45484,0
HarpoonTherapeuticsInc_20200312_10-K_EX-10.18_12051356_EX-10.18_Development Agreement,249551,0
DigitalCinemaDestinationsCorp_20111220_S-1_EX-10.10_7346719_EX-10.10_Affiliate Agreement,109014,0
VERTICALNETINC_04_01_2002-EX-10.19-MAINTENANCE AND SUPPORT AGREEMENT,78033,0
TcPipelinesLp_20160226_10-K_EX-99.12_9454048_EX-99.12_Transportation Agreement,6088,0
HUBEIMINKANGPHARMACEUTICALLTD_09_19_2006-EX-10.1-OUTSOURCING AGREEMENT,11322,0
CardlyticsInc_20180112_S-1_EX-10.16_11002987_EX-10.16_Maintenance Agreement3,1707,0
ACCURAYINC_09_01_2010-EX-10.31-DISTRIBUTOR AGREEMENT,89484,0
"MIDDLEBROOKPHARMACEUTICALS,INC_03_18_2010-EX-10.1-PROMOTION AGREEMENT",57646,1
AIRSPANNETWORKSINC_04_11_2000-EX-10.5-Distributor Agreement,70444,0
ArcGroupInc_20171211_8-K_EX-10.1_10976103_EX-10.1_Sponsorship Agreement,16773,0
AtnInternationalInc_20191108_10-Q_EX-10.1_11878541_EX-10.1_Maintenance Agreement,228943,0
"SightLife Surgical, Inc. - STRATEGIC SALES _ MARKETING AGREEMENT",23895,0
InmodeLtd_20190729_F-1A_EX-10.9_11743243_EX-10.9_Manufacturing Agreement,39588,0
GRANTIERRAENERGYINC_05_07_2012-EX-10.6-TRANSPORTATION CONTRACT,229670,1
"VIVINT SOLAR, INC. - NON-COMPETITION AGREEMENT",3493,0
FUSIONPHARMACEUTICALSINC_06_05_2020-EX-10.17-Supply Agreement - FUSION,40597,0
CHIPMOSTECHNOLOGIESBERMUDALTD_04_18_2016-EX-4.72-Strategic Alliance Agreement,13506,0
URSCORPNEW_03_17_2014-EX-99-COOPERATION AGREEMENT,37211,0
GpaqAcquisitionHoldingsInc_20200123_S-4A_EX-10.6_11951677_EX-10.6_License Agreement,45234,0
SalesforcecomInc_20171122_10-Q_EX-10.1_10961535_EX-10.1_Reseller Agreement,2935,0
SLINGERBAGINC_05_27_2020-EX-10.7-CONSULTING AGREEMENT,33425,0
RitterPharmaceuticalsInc_20200313_S-4A_EX-10.54_12055220_EX-10.54_Development Agreement,122688,1
IGENEBIOTECHNOLOGYINC_05_13_2003-EX-1-JOINT VENTURE AGREEMENT,70625,0
ENERGYXXILTD_05_08_2015-EX-10.13-Transportation AGREEMENT,60982,0
EtonPharmaceuticalsInc_20191114_10-Q_EX-10.1_11893941_EX-10.1_Development Agreement,65651,0
ScansourceInc_20190822_10-K_EX-10.38_11793958_EX-10.38_Distributor Agreement1,84384,0
CardlyticsInc_20180112_S-1_EX-10.16_11002987_EX-10.16_Maintenance Agreement1,165322,0
"NETGEAR,INC_04_21_2003-EX-10.16-DISTRIBUTOR AGREEMENT",41501,0
EcoScienceSolutionsInc_20171117_8-K_EX-10.1_10956472_EX-10.1_Endorsement Agreement,18104,0
AMERICASSHOPPINGMALLINC_12_10_1999-EX-10.2-SITE DEVELOPMENT AND HOSTING AGREEMENT,19351,1
DataCallTechnologies_20060918_SB-2A_EX-10.9_944510_EX-10.9_Content License Agreement,14171,0
JINGWEIINTERNATIONALLTD_10_04_2007-EX-10.7-INTELLECTUAL PROPERTY AGREEMENT,15298,0
FEDERATEDGOVERNMENTINCOMESECURITIESINC_04_28_2020-EX-99.SERV AGREE-SERVICES AGREEMENT,11043,0
AMBASSADOREYEWEARGROUPINC_11_17_1997-EX-10.28-ENDORSEMENT AGREEMENT,39727,0
MRSFIELDSORIGINALCOOKIESINC_01_29_1998-EX-10-FRANCHISE AGREEMENT,249359,0
PalmerSquareCapitalBdcInc_20200116_10-12GA_EX-10.6_11949289_EX-10.6_Trademark License Agreement,14764,0
LUCIDINC_04_15_2011-EX-10.9-DISTRIBUTOR AGREEMENT,15540,0
UsioInc_20040428_SB-2_EX-10.11_1723988_EX-10.11_Affiliate Agreement 2,26115,1
EmmisCommunicationsCorp_20191125_8-K_EX-10.6_11906433_EX-10.6_Marketing Agreement,17300,0
ENTERTAINMENTGAMINGASIAINC_02_15_2005-EX-10.5-DISTRIBUTOR AGREEMENT,44702,0
"Magenta Therapeutics, Inc. - Master Development and Manufacturing Agreement",73598,0
"GRIDIRONBIONUTRIENTS,INC_02_05_2020-EX-10.3-SUPPLY AGREEMENT",5713,0
PapaJohnsInternationalInc_20190617_8-K_EX-10.1_11707365_EX-10.1_Endorsement Agreement,68204,0
SUMMAFOURINC_06_19_1998-EX-10.3-SOFTWARE LICENSE AND MAINTENANCE AGREEMENT,117803,1
MACROGENICSINC_08_02_2013-EX-10-COLLABORATION AGREEMENT,163199,0
GSVINC_05_15_1998-EX-10-SPONSORSHIP AGREEMENT,50835,0
MorganStanleyDirectLendingFund_20191119_10-12GA_EX-10.5_11898508_EX-10.5_Trademark License Agreement,16153,0
ELANDIAINTERNATIONALINC_04_25_2007-EX-10.21-Outsourcing Agreement,82889,1
PareteumCorp_20081001_8-K_EX-99.1_2654808_EX-99.1_Hosting Agreement,66253,1
PhasebioPharmaceuticalsInc_20200330_10-K_EX-10.21_12086810_EX-10.21_Development Agreement,291873,1
USASYNTHETICFUELCORP_10_21_2010-EX-10.10-STRATEGIC ALLIANCE AGREEMENT,52252,0
"KUBIENT,INC_07_02_2020-EX-10.14-MASTER SERVICES AGREEMENT_Part2",7600,0
EdietsComInc_20001030_10QSB_EX-10.4_2606646_EX-10.4_Co-Branding Agreement,64192,0
WESTERN COPPER - NON-COMPETITION AGREEMENT,16402,0
LECLANCHÉ S.A. - JOINT DEVELOPMENT AND MARKETING AGREEMENT,20380,0
"HEMISPHERX - Sales, Marketing, Distribution, and Supply Agreement",73685,1
CardlyticsInc_20180112_S-1_EX-10.16_11002987_EX-10.16_Maintenance Agreement4,5327,0
TomOnlineInc_20060501_20-F_EX-4.46_749700_EX-4.46_Co-Branding Agreement,112361,0
MphaseTechnologiesInc_20030911_10-K_EX-10.15_1560667_EX-10.15_Co-Branding Agreement,8321,0
"CERES,INC_01_25_2012-EX-10.20-Collaboration Agreement",335282,0
"INTERSECTENT,INC_05_11_2020-EX-10.1-SUPPLY AGREEMENT",37970,1
"BABCOCK_WILCOXENTERPRISES,INC_08_04_2015-EX-10.17-INTELLECTUAL PROPERTY AGREEMENT between THE BABCOCK _ WILCOX COMPANY and BABCOCK _ WILCOX ENTERPRISES, INC.",112447,0
"TRANSPHORM,INC_02_14_2020-EX-10.12(1)-JOINT VENTURE AGREEMENT",95181,0
EuromediaHoldingsCorp_20070215_10SB12G_EX-10.B(01)_525118_EX-10.B(01)_Content License Agreement,30050,0
"Sonos, Inc. - Manufacturing Agreement ",109219,0
"ASHWORTHINC_01_29_1999-EX-10.(D)-PROMOTION AGREEMENT AND NANTZ COMMUNICATIONS, INC.",24999,0
"VAPOTHERM, INC. - Manufacturing and Supply Agreement",75632,0
PLAYAHOTELS_RESORTSNV_03_14_2017-EX-10.22-STRATEGIC ALLIANCE AGREEMENT (Hyatt Ziva Cancun),22259,0
LIGHTBRIDGECORP_11_23_2015-EX-10.26-STRATEGIC ALLIANCE AGREEMENT,19386,0
"XLITECHNOLOGIES,INC_12_02_2015-EX-10.02-STRATEGIC ALLIANCE AGREEMENT",5712,0
HYPERIONSOFTWARECORP_09_28_1994-EX-10.47-EXCLUSIVE DISTRIBUTOR AGREEMENT,37682,0
BUFFALOWILDWINGSINC_06_05_1998-EX-10.3-FRANCHISE AGREEMENT,154495,1
ReynoldsConsumerProductsInc_20200121_S-1A_EX-10.22_11948918_EX-10.22_Service Agreement,112910,0
"GWG HOLDINGS, INC. - ORDERLY MARKETING AGREEMENT",25450,0
BLACKROCKMUNIHOLDINGSINVESTMENTQUALITYFUND_04_07_2020-EX-99.01-JOINT FILING AGREEMENT,1283,0
ALLISONTRANSMISSIONHOLDINGSINC_12_15_2014-EX-99.1-COOPERATION AGREEMENT,32826,0
"SPOKHOLDINGS,INC_06_19_2020-EX-10.1-COOPERATION AGREEMENT",17710,0
WARNINGMANAGEMENTSERVICESINC_12_10_1999-EX-10-ENDORSEMENT AGREEMENT,29724,0
LinkPlusCorp_20050802_8-K_EX-10_3240252_EX-10_Affiliate Agreement,25619,0
RMRGROUPINC_01_22_2020-EX-99.1-JOINT FILING AGREEMENT,645,0
SMITHELECTRICVEHICLESCORP_04_04_2012-EX-10.26-FLEET MAINTENANCE AGREEMENT,85963,0
CHINARECYCLINGENERGYCORP_11_14_2013-EX-10.6-Cooperation Agreement,16509,0
"KUBIENT,INC_07_02_2020-EX-10.14-MASTER SERVICES AGREEMENT_Part1",26108,0
NeoformaInc_19991202_S-1A_EX-10.26_5224521_EX-10.26_Co-Branding Agreement,98907,0
AULAMERICANUNITTRUST_04_24_2020-EX-99.8.77-SERVICING AGREEMENT,36019,0
VIOLINMEMORYINC_12_12_2012-EX-10.14-SPONSORSHIP AGREEMENT,53764,0
RaeSystemsInc_20001114_10-Q_EX-10.57_2631790_EX-10.57_Co-Branding Agreement,43179,0
QBIOMEDINC_04_08_2020-EX-99.1-JOINT FILING AGREEMENT,2732,0
ZogenixInc_20190509_10-Q_EX-10.2_11663313_EX-10.2_Distributor Agreement,175770,0
LeadersonlineInc_20000427_S-1A_EX-10.8_4991089_EX-10.8_Co-Branding Agreement,55296,0
PRIMEENERGYRESOURCESCORP_04_02_2007-EX-10.28-COMPLETION AND LIQUIDITY MAINTENANCE AGREEMENT,5030,0
AgapeAtpCorp_20191202_10-KA_EX-10.1_11911128_EX-10.1_Supply Agreement,20693,0
ArcaUsTreasuryFund_20200207_N-2_EX-99.K5_11971930_EX-99.K5_Development Agreement,15318,0
BIOAMBERINC_04_10_2013-EX-10.34-DEVELOPMENT AGREEMENT - First Amendment,6390,0
"XACCT Technologies, Inc.SUPPORT AND MAINTENANCE AGREEMENT",14193,0
CHANGEPOINTCORP_03_08_2000-EX-10.6-LICENSE AND HOSTING AGREEMENT,161066,0
Apollo Endosurgery - Manufacturing and Supply Agreement,48253,0
"MJBIOTECH,INC_12_06_2018-EX-99.01-JOINT VENTURE AGREEMENT",23582,0
IDREAMSKYTECHNOLOGYLTD_07_03_2014-EX-10.39-Cooperation Agreement on Mobile Game Business,76425,1
"CANOPETROLEUM,INC_12_13_2007-EX-10.1-Sponsorship Agreement",8852,0
PhoenixNewMediaLtd_20110421_F-1_EX-10.17_6958322_EX-10.17_Content License Agreement,25060,0
"HOSPITALITYINVESTORSTRUST,INC_04_07_2014-EX-10.26-FRANCHISE AGREEMENT",146992,1
FulucaiProductionsLtd_20131223_10-Q_EX-10.9_8368347_EX-10.9_Content License Agreement,18562,0
"ONEMAINHOLDINGS,INC_02_20_2020-EX-99.D-JOINT FILING AGREEMENT",5879,0
MPLXLP_06_17_2015-EX-10.1-TRANSPORTATION SERVICES AGREEMENT,57631,1
LOGANSROADHOUSEINC_03_27_1998-EX-10.17-SPONSORSHIP AGREEMENT,19171,0
FuelcellEnergyInc_20191106_8-K_EX-10.1_11868007_EX-10.1_Development Agreement,105662,0
"THERAVANCEBIOPHARMA,INC_05_08_2020-EX-10.2-SERVICE AGREEMENT",32861,0
BerkshireHillsBancorpInc_20120809_10-Q_EX-10.16_7708169_EX-10.16_Endorsement Agreement,29629,0
DYNAMEXINC_06_06_1996-EX-10.4-TRANSPORTATION SERVICES AGREEMENT,49218,1
VALENCETECHNOLOGYINC_02_14_2003-EX-10-JOINT VENTURE CONTRACT,73698,0
ULTRAGENYXPHARMACEUTICALINC_12_23_2013-EX-10.9-SUPPLY AGREEMENT,14592,0
"NETGEAR,INC_04_21_2003-EX-10.16- AMENDMENT #2 TO THE DISTRIBUTION AGREEMENT",4567,0
SFGFINANCIALCORP_05_12_2009-EX-10.1-SOFTWARE LICENSE AND MAINTENANCE AGREEMENT,51043,0
"VAXCYTE,INC_05_22_2020-EX-10.19-SUPPLY AGREEMENT",99696,0
"OTISWORLDWIDECORP_04_03_2020-EX-10.4-INTELLECTUAL PROPERTY AGREEMENT by and among UNITED TECHNOLOGIES CORPORATION, OTIS WORLDWIDE CORPORATION and CARRIER ~1",62196,0
"GIGGLESN_HUGS,INC_06_23_2016-EX-10.2-STRATEGIC ALLIANCE AGREEMENT",22359,0
ExactSciencesCorp_20180822_8-K_EX-10.1_11331629_EX-10.1_Promotion Agreement,159187,0
Quaker Chemical Corporation - NON COMPETITION AND NON SOLICITATION AGREEMENT,22700,0
GlobalTechnologiesGroupInc_20050928_10KSB_EX-10.9_4148808_EX-10.9_Content License Agreement,39596,0
GpaqAcquisitionHoldingsInc_20200123_S-4A_EX-10.8_11951679_EX-10.8_Service Agreement,55075,0
HertzGroupRealtyTrustInc_20190920_S-11A_EX-10.8_11816941_EX-10.8_Trademark License Agreement,14313,0
QuantumGroupIncFl_20090120_8-K_EX-99.2_3672910_EX-99.2_Hosting Agreement,116298,0
"SUCAMPOPHARMACEUTICALS,INC_11_04_2015-EX-10.2-STRATEGIC ALLIANCE AGREEMENT",62272,0
KENTUCKYUTILITIESCO_03_25_2003-EX-10.65-TRANSPORTATION AGREEMENT,16901,0
"PHREESIA,INC_05_28_2019-EX-10.18-STRATEGIC ALLIANCE AGREEMENT",120178,0
"Array BioPharma Inc. - LICENSE, DEVELOPMENT AND COMMERCIALIZATION AGREEMENT",272018,1
MERCATAINC_03_09_2000-EX-10.21-SPONSORSHIP AGREEMENT,23672,0
"MEDALISTDIVERSIFIEDREIT,INC_05_18_2020-EX-10.1-CONSULTING AGREEMENT",24315,1
"FOUNDATIONMEDICINE,INC_02_02_2015-EX-10.2-Collaboration Agreement",172142,0
RevolutionMedicinesInc_20200117_S-1_EX-10.1_11948417_EX-10.1_Development Agreement,266213,0
AFSALABANCORPINC_08_01_1996-EX-1.1-AGENCY AGREEMENT,121559,1
"ETELOS,INC_03_09_2004-EX-10.8-DISTRIBUTOR AGREEMENT",25647,0
LifewayFoodsInc_20160316_10-K_EX-10.24_9489766_EX-10.24_Endorsement Agreement,10996,0
"LEGACYTECHNOLOGYHOLDINGS,INC_12_09_2005-EX-10.2-DISTRIBUTOR AGREEMENT",15113,0
DeltathreeInc_19991102_S-1A_EX-10.19_6227850_EX-10.19_Co-Branding Agreement_ Service Agreement,28825,0
"SPRINGBANKPHARMACEUTICALS,INC_04_08_2020-EX-99.A-JOINT FILING AGREEMENT",1556,0
ImineCorp_20180725_S-1_EX-10.5_11275970_EX-10.5_Distributor Agreement,34461,0
CCAINDUSTRIESINC_04_14_2014-EX-10.1-OUTSOURCING AGREEMENT,31914,1
Microgenics Corporation - Collaborative Development and Commercialization Agreement,190261,0
SigaTechnologiesInc_20190603_8-K_EX-10.1_11695818_EX-10.1_Promotion Agreement,144443,0
VgrabCommunicationsInc_20200129_10-K_EX-10.33_11958828_EX-10.33_Development Agreement,14822,0
AIRTECHINTERNATIONALGROUPINC_05_08_2000-EX-10.4-FRANCHISE AGREEMENT,73869,0
IMMUNOMEDICSINC_08_07_2019-EX-10.1-PROMOTION AGREEMENT,154812,0
HPILHOLDING_01_07_2015-EX-99.1-COOPERATION AGREEMENT,20008,0
BravatekSolutionsInc_20170418_8-K_EX-10.1_10205739_EX-10.1_Reseller Agreement,15871,0
SPORTHALEYINC_09_29_1997-EX-10.2-10-ENDORSEMENT AGREEMENT,11930,0
XENCORINC_10_25_2013-EX-10.24-COLLABORATION AGREEMENT (3),140106,0
NETGROCERINC_07_31_1998-EX-10.15-SPONSORSHIP AGREEMENT,45040,0
CoherusBiosciencesInc_20200227_10-K_EX-10.29_12021376_EX-10.29_Development Agreement,146058,0
FEDERATEDGOVERNMENTINCOMESECURITIESINC_04_28_2020-EX-99.SERV AGREE-SERVICES AGREEMENT_POWEROF,14384,0
DIVERSINETCORP_03_01_2012-EX-4-RESELLER AGREEMENT,75389,0
NmfSlfIInc_20200115_10-12GA_EX-10.5_11946987_EX-10.5_Trademark License Agreement,17064,0
"CURAEGISTECHNOLOGIES,INC_05_26_2010-EX-1-CORPORATE SPONSORSHIP AGREEMENT",12624,0
KALLOINC_11_03_2011-EX-10.1-STRATEGIC ALLIANCE AGREEMENT,75458,0
GridironBionutrientsInc_20171206_8-K_EX-10.1_10972555_EX-10.1_Endorsement Agreement,29208,0
MOSSIMOINC_04_14_2000-EX-10.14-ENDORSEMENT AGREEMENT,24307,1
FEDERATEDGOVERNMENTINCOMESECURITIESINC_04_28_2020-EX-99.SERV AGREE-SERVICES AGREEMENT_AMENDMENT,3860,0
RandWorldwideInc_20010402_8-KA_EX-10.2_2102464_EX-10.2_Co-Branding Agreement,48159,0
GOLDRESOURCECORP_12_11_2008-EX-10.1-STRATEGIC ALLIANCE AGREEMENT,55434,0
"Loop Industries, Inc. - Marketing Agreement",34740,0
BloomEnergyCorp_20180321_DRSA (on S-1)_EX-10_11240356_EX-10_Maintenance Agreement,104732,0
AudibleInc_20001113_10-Q_EX-10.32_2599586_EX-10.32_Co-Branding Agreement_ Marketing Agreement_ Investment Distribution Agreement,77102,1
HOLIDAYRVSUPERSTORESINC_04_15_2002-EX-10.13-ENDORSEMENT AGREEMENT,14157,0
WOMENSGOLFUNLIMITEDINC_03_29_2000-EX-10.13-ENDORSEMENT AGREEMENT,32371,0
NeuroboPharmaceuticalsInc_20190903_S-4_EX-10.36_11802165_EX-10.36_Manufacturing Agreement_ Supply Agreement,20000,0
SONUSCORP_03_12_1997-EX-10.11-SPONSORSHIP AGREEMENT,34903,0
RangeResourcesLouisianaInc_20150417_8-K_EX-10.5_9045501_EX-10.5_Transportation Agreement,100284,0
CHAPARRALRESOURCESINC_03_30_2000-EX-10.66-TRANSPORTATION CONTRACT,26830,0
ScansourceInc_20190509_10-Q_EX-10.2_11661422_EX-10.2_Distributor Agreement,14149,0
AURASYSTEMSINC_06_16_2010-EX-10.25-STRATEGIC ALLIANCE AGREEMENT,45033,0
IpassInc_20181203_8-K_EX-99.1_11445874_EX-99.1_Reseller Agreement,73860,0
VERSOTECHNOLOGIESINC_12_28_2007-EX-99.3-INTELLECTUAL PROPERTY AGREEMENT,5046,0
SoupmanInc_20150814_8-K_EX-10.1_9230148_EX-10.1_Franchise Agreement4,3314,0
EhaveInc_20190515_20-F_EX-4.44_11678816_EX-4.44_License Agreement_ Reseller Agreement,87070,1
BOLIVARMININGCORP_05_23_2003-EX-2.1-VISP WEB SITE BUILDING AND HOSTING AGREEMENT,11539,1
"UNITEDNATIONALBANCORP_03_03_1999-EX-99-Outsourcing Agreement with the BISYS Group, Inc.",1952,0
"GALERATHERAPEUTICS,INC_02_14_2020-EX-99.A-JOINT FILING AGREEMENT",3892,0
VirtuosoSurgicalInc_20191227_1-A_EX1A-6 MAT CTRCT_11933379_EX1A-6 MAT CTRCT_License Agreement,35902,1
"ROCKYMOUNTAINCHOCOLATEFACTORY,INC_12_23_2019-EX-10.2-STRATEGIC ALLIANCE AGREEMENT",121115,0
VITAMINSHOPPECOMINC_09_13_1999-EX-10.26-SPONSORSHIP AGREEMENT,88105,0
"SOLUTIONSVENDINGINTERNATIONAL,INC_03_31_2020-EX1A-1 UNDR AGMT-SERVICES AGREEMENT",7124,0
InnerscopeHearingTechnologiesInc_20181109_8-K_EX-10.6_11419704_EX-10.6_Distributor Agreement,22396,0
SmartRxSystemsInc_20180914_1-A_EX1A-6 MAT CTRCT_11351705_EX1A-6 MAT CTRCT_Distributor Agreement,39984,0
"Reinsurance Group of America, Incorporated - A_R REMARKETING  AGREEMENT",102071,0
BIOFRONTERAAG_04_29_2019-EX-4.17-SUPPLY AGREEMENT,63723,0
"CORALGOLDRESOURCES,LTD_05_28_2020-EX-4.1-CONSULTING AGREEMENT",29749,1
Cerus Corporation - FIRST AMEND TO SUPPLY AND MANUFACTURING AGREEMENT,11420,0
OLDAPIWIND-DOWNLTD_01_08_2016-EX-1.3-AGENCY AGREEMENT2,3886,0
ATENTOSA_07_06_2020-EX-99.1-JOINT FILING AGREEMENT,2298,0
HealthcentralCom_19991108_S-1A_EX-10.27_6623292_EX-10.27_Co-Branding Agreement,45042,0
GAINSCOINC_01_21_2010-EX-10.41-SPONSORSHIP AGREEMENT,15696,0
"TURNKEYCAPITAL,INC_07_20_2017-EX-1.1-Strategic Alliance Agreement",12648,0
IVILLAGEINC_03_17_1999-EX-10.16-SPONSORSHIP AGREEMENT,23723,0
PaperexchangeComInc_20000322_S-1A_EX-10.4_5202103_EX-10.4_Co-Branding Agreement,92875,1
"IPAYMENT,INC_05_14_2007-EX-10.1-SPONSORSHIP AGREEMENT",96662,0
BIOPURECORP_06_30_1999-EX-10.13-AGENCY AGREEMENT,40590,0
RISEEDUCATIONCAYMANLTD_04_17_2020-EX-4.23-SERVICE AGREEMENT,16372,1
STARTECGLOBALCOMMUNICATIONSCORP_11_16_1998-EX-10.30-CONSTRUCTION AND MAINTENANCE AGREEMENT,116260,0
LejuHoldingsLtd_20140121_DRS (on F-1)_EX-10.26_8473102_EX-10.26_Content License Agreement2,2180,0
TRIZETTOGROUPINC_08_18_1999-EX-10.17-TECHNICAL INFRASTRUCTURE MAINTENANCE AGREEMENT,17786,0
FIBROGENINC_10_01_2014-EX-10.11-COLLABORATION AGREEMENT,155655,1
"KNOWLABS,INC_08_15_2005-EX-10-INTELLECTUAL PROPERTY AGREEMENT",14792,0
UAGHINC_04_14_2004-EX-10.18-MAINTENANCE AGREEMENT,16823,0
"ARMSTRONGFLOORING,INC_01_07_2019-EX-10.2-INTELLECTUAL PROPERTY AGREEMENT",69759,0
"SPIENERGYCO,LTD_07_10_2014-EX-10-Cooperation Agreement of 50MWp Photovoltaic Grid-connected Power Generation Project in Yangqiao of~1",2811,0
VitalibisInc_20180316_8-K_EX-10.2_11100168_EX-10.2_Hosting Agreement,46187,1
SoupmanInc_20150814_8-K_EX-10.1_9230148_EX-10.1_Franchise Agreement1,144235,1
HEALTHGATEDATACORP_11_24_1999-EX-10.1-HOSTING AND MANAGEMENT AGREEMENT - Escrow Agreement,35612,0
BNLFINANCIALCORP_03_30_2007-EX-10.8-OUTSOURCING AGREEMENT,39863,1
IntegrityMediaInc_20010329_10-K405_EX-10.17_2373875_EX-10.17_Co-Branding Agreement,29253,0
"IOVANCEBIOTHERAPEUTICS,INC_08_03_2017-EX-10.1-STRATEGIC ALLIANCE AGREEMENT",69147,0
NEONSYSTEMSINC_03_01_1999-EX-10.5-DISTRIBUTOR AGREEMENT_New,61463,0
TELKOMSALTD_01_30_2003-EX-10-LICENCE AND MAINTENANCE AGREEMENT,105748,0
"FIDELITYNATIONALINFORMATIONSERVICES,INC_08_05_2009-EX-10.3-INTELLECTUAL PROPERTY AGREEMENT",155463,0
WatchitMediaInc_20061201_8-K_EX-10.1_4148672_EX-10.1_Content License Agreement,2106,1
TRUENORTHENERGYCORP_02_08_2007-EX-10.1-DEVELOPMENT AGREEMENT,43803,1
GentechHoldingsInc_20190808_1-A_EX1A-6 MAT CTRCT_11776814_EX1A-6 MAT CTRCT_Distributor Agreement,26733,0
TICKETSCOMINC_06_22_1999-EX-10.22-SPONSORSHIP AGREEMENT,8080,0
"ADMA BioManufacturing, LLC -  Amendment #3 to Manufacturing Agreement ",15312,1
OFGBANCORP_03_28_2007-EX-10.23-OUTSOURCING AGREEMENT,159336,1
"OMINTO,INC_03_29_2004-EX-10-RESELLER AGREEMENT",28463,0
"DUOSTECHNOLOGIESGROUP,INC_04_21_2009-EX-10.1-STRATEGIC ALLIANCE AGREEMENT",46298,0
OLDAPIWIND-DOWNLTD_01_08_2016-EX-1.3-AGENCY AGREEMENT1,98009,0
"ADIANUTRITION,INC_04_01_2005-EX-10.D2-RESELLER AGREEMENT",26347,0
"ATHENSBANCSHARESCORP_11_02_2009-EX-1.2-AGENCY AGREEMENT , 2009",145307,0
"GSITECHNOLOGYINC_11_16_2009-EX-10.2-INTELLECTUAL PROPERTY AGREEMENT between SONY ELECTRONICS INC. and GSI TECHNOLOGY, INC.",37337,0
MusclepharmCorp_20170208_10-KA_EX-10.38_9893581_EX-10.38_Co-Branding Agreement,87795,0
"PAXMEDICA,INC_07_02_2020-EX-10.12-Master Service Agreement",16792,0
SoupmanInc_20150814_8-K_EX-10.1_9230148_EX-10.1_Franchise Agreement3,2974,0
MOVADOGROUPINC_04_30_2003-EX-10.28-ENDORSEMENT AGREEMENT,17627,0
StaarSurgicalCompany_20180801_10-Q_EX-10.37_11289449_EX-10.37_Distributor Agreement,49760,0
EmeraldHealthBioceuticalsInc_20200218_1-A_EX1A-6 MAT CTRCT_11987205_EX1A-6 MAT CTRCT_Development Agreement,16459,0
"DRIVENDELIVERIES,INC_05_22_2020-EX-10.4-CONSULTING AGREEMENT",27899,0
STAMPSCOMINC_06_24_1999-EX-10.18-SPONSORSHIP AGREEMENT,40856,0
BEYONDCOMCORP_08_03_2000-EX-10.2-CO-HOSTING AGREEMENT,58300,1
CHEETAHMOBILEINC_04_22_2014-EX-10.43-Cooperation Agreement,39177,1
ClickstreamCorp_20200330_1-A_EX1A-6 MAT CTRCT_12089935_EX1A-6 MAT CTRCT_Development Agreement,34191,0
NEOMEDIATECHNOLOGIESINC_12_15_2005-EX-16.1-DISTRIBUTOR AGREEMENT,36275,0
"ADUROBIOTECH,INC_06_02_2020-EX-10.7-CONSULTING AGREEMENT(1)",12020,0
LejuHoldingsLtd_20140121_DRS (on F-1)_EX-10.26_8473102_EX-10.26_Content License Agreement1,46696,0
"VISIUMTECHNOLOGIES,INC_10_20_2004-EX-10.20-DISTRIBUTOR AGREEMENT",49784,0
"HALITRON,INC_03_01_2005-EX-10.15-SPONSORSHIP AND DEVELOPMENT AGREEMENT",30102,0
"INNOVIVA,INC_08_07_2014-EX-10.1-COLLABORATION AGREEMENT",191775,0
SoupmanInc_20150814_8-K_EX-10.1_9230148_EX-10.1_Franchise Agreement2,5504,0
"ADUROBIOTECH,INC_06_02_2020-EX-10.7-CONSULTING AGREEMENT",12020,0
CybergyHoldingsInc_20140520_10-Q_EX-10.27_8605784_EX-10.27_Affiliate Agreement,33825,0
MANAKOASERVICESCORP_11_21_2007-EX-7.5-STRATEGIC ALLIANCE AGREEMENT,14879,0
WestPharmaceuticalServicesInc_20200116_8-K_EX-10.1_11947529_EX-10.1_Supply Agreement,82898,0
PANDIONTHERAPEUTICSHOLDCOLLC_05_22_2020-EX-10.17-CONSULTING AGREEMENT,22730,0
FLOTEKINDUSTRIESINCCN_05_09_2019-EX-10.1-SUPPLY AGREEMENT,19355,0
EUROPEANMICROHOLDINGSINC_03_06_1998-EX-10.6-DISTRIBUTOR AGREEMENT,56952,1
BizzingoInc_20120322_8-K_EX-10.17_7504499_EX-10.17_Endorsement Agreement,24223,0
KitovPharmaLtd_20190326_20-F_EX-4.15_11584449_EX-4.15_Manufacturing Agreement,57436,0
BellringBrandsInc_20190920_S-1_EX-10.12_11817081_EX-10.12_Manufacturing Agreement3,8024,0
GOCALLINC_03_30_2000-EX-10.7-Promotion Agreement,22348,0
LEJUHOLDINGSLTD_03_12_2014-EX-10.34-INTERNET CHANNEL COOPERATION AGREEMENT,37031,0
BLACKSTONEGSOLONG-SHORTCREDITINCOMEFUND_05_11_2020-EX-99.(K)(1)-SERVICE AGREEMENT,52334,1
PHLVARIABLEINSURANCECOCT_08_17_2009-EX-10.1-STRATEGIC ALLIANCE AGREEMENT,100746,0
"MEETGROUP,INC_06_29_2017-EX-10.1-COOPERATION AGREEMENT",59532,0
GluMobileInc_20070319_S-1A_EX-10.09_436630_EX-10.09_Content License Agreement3,3422,0
ADAPTIMMUNETHERAPEUTICSPLC_04_06_2017-EX-10.11-STRATEGIC ALLIANCE AGREEMENT,101167,0
ENTRUSTINC_07_24_1998-EX-10.5-STRATEGIC ALLIANCE AGREEMENT,45879,0
SYKESHEALTHPLANSERVICESINC_04_24_1998-EX-10.14-OUTSOURCING AGREEMENT,12852,0
NATIONALPROCESSINGINC_07_18_1996-EX-10.4-SPONSORSHIP AGREEMENT,32860,0
"MFAFINANCIAL,INC_07_06_2020-EX-99.D-JOINT FILING AGREEMENT",3595,0
SimplicityEsportsGamingCompany_20181130_8-K_EX-10.1_11444071_EX-10.1_Franchise Agreement,28529,0
QIWI_06_16_2017-EX-99.(D)(2)-COOPERATION AGREEMENT,26192,0
RemarkHoldingsInc_20081114_10-Q_EX-10.24_2895649_EX-10.24_Content License Agreement,59089,0
CnsPharmaceuticalsInc_20200326_8-K_EX-10.1_12079626_EX-10.1_Development Agreement,20791,0
GluMobileInc_20070319_S-1A_EX-10.09_436630_EX-10.09_Content License Agreement2,11954,0
PROFOUNDMEDICALCORP_08_29_2019-EX-4.5-SUPPLY AGREEMENT,66442,0
TRICITYBANKSHARESCORP_05_15_1998-EX-10-OUTSOURCING AGREEMENT,101639,1
"BLUEHILLSBANCORP,INC_05_20_2014-EX-1.1-AGENCY AGREEMENT",130742,0
GarrettMotionInc_20181001_8-K_EX-2.4_11364532_EX-2.4_Intellectual Property Agreement,56509,0
TheglobeComInc_19990503_S-1A_EX-10.20_5416126_EX-10.20_Co-Branding Agreement,48004,0
EmbarkComInc_19991008_S-1A_EX-10.10_6487661_EX-10.10_Co-Branding Agreement,35136,0
"HC2HOLDINGS,INC_05_14_2020-EX-10.1-COOPERATION AGREEMENT",54866,0
TRANSMONTAIGNEPARTNERSLLC_03_13_2020-EX-10.9-SERVICES AGREEMENT,5886,0
"COOLTECHNOLOGIES,INC_10_25_2017-EX-10.71-Strategic Alliance Agreement",13548,0
Monsanto Company - SECOND A_R EXCLUSIVE AGENCY AND MARKETING AGREEMENT ,221382,1
ALLIANCEBANCORPINCOFPENNSYLVANIA_10_18_2006-EX-1.2-AGENCY AGREEMENT,130256,0
XpresspaGroupInc_20190401_10-K_EX-10.28_11599457_EX-10.28_Marketing Agreement,52106,0
ElPolloLocoHoldingsInc_20200306_10-K_EX-10.16_12041700_EX-10.16_Development Agreement,60618,0
BellringBrandsInc_20190920_S-1_EX-10.12_11817081_EX-10.12_Manufacturing Agreement2,2274,0
IdeanomicsInc_20160330_10-K_EX-10.26_9512211_EX-10.26_Content License Agreement,40866,0
BIOAMBERINC_04_10_2013-EX-10.34-DEVELOPMENT AGREEMENT (1),38733,0
ACCELERATEDTECHNOLOGIESHOLDINGCORP_04_24_2003-EX-10.13-JOINT VENTURE AGREEMENT,13038,0
PrudentialBancorpInc_20170606_8-K_EX-10.4_10474434_EX-10.4_Endorsement Agreement,14155,0
SEASPINEHOLDINGSCORP_10_10_2018-EX-10.1-SUPPLY AGREEMENT,70898,0
"BERKELEYLIGHTS,INC_06_26_2020-EX-10.12-COLLABORATION AGREEMENT",209067,1
UnionDentalHoldingsInc_20050204_8-KA_EX-10_3345577_EX-10_Affiliate Agreement,14083,0
WOMENSGOLFUNLIMITEDINC_03_29_2000-EX-10.13-ENDORSEMENT AGREEMENT - Intellectual Property Rights                 Confidentiality and Non-Use Obligations Agreement,7042,0
SPHERE3DCORP_06_24_2020-EX-10.12-CONSULTING AGREEMENT,12394,0
ENTERPRISEPRODUCTSPARTNERSLP_07_08_1998-EX-10.3-TRANSPORTATION CONTRACT,74915,0
HerImports_20161018_8-KA_EX-10.14_9765707_EX-10.14_Maintenance Agreement,10217,0
PROLONGINTERNATIONALCORP_03_23_1998-EX-10.16-SPONSORSHIP AGREEMENT,14969,0
DYNTEKINC_07_30_1999-EX-10-ONLINE HOSTING AGREEMENT,25214,0
ALAMOGORDOFINANCIALCORP_12_16_1999-EX-1-AGENCY AGREEMENT,143307,0
StampscomInc_20001114_10-Q_EX-10.47_2631630_EX-10.47_Co-Branding Agreement,87014,0
InvendaCorp_20000828_S-1A_EX-10.2_2588206_EX-10.2_Co-Branding Agreement,114759,0
WebmdHealthCorp_20050908_S-1A_EX-10.7_1027007_EX-10.7_Content License Agreement,14993,0
SANDRIDGEENERGYINC_08_06_2009-EX-10.6-OPERATIONS AND MAINTENANCE AGREEMENT,73119,0
ON4COMMUNICATIONSINC_07_02_2009-EX-10.1-PROMOTION AGREEMENT,15103,0
GluMobileInc_20070319_S-1A_EX-10.09_436630_EX-10.09_Content License Agreement1,112794,1
HfEnterprisesInc_20191223_S-1_EX-10.22_11931299_EX-10.22_Development Agreement,19435,0
ICORECONNECTINC_10_13_2010-EX-7.1-Strategic Alliance Agreement,25246,0
BANUESTRAFINANCIALCORP_09_08_2006-EX-10.16-AGENCY AGREEMENT,45214,0
ArtaraTherapeuticsInc_20200110_8-K_EX-10.5_11943350_EX-10.5_License Agreement,38330,0
NlsPharmaceuticsLtd_20200228_F-1_EX-10.14_12029046_EX-10.14_Development Agreement,67932,0
TEARDROPGOLFCO_10_23_1996-EX-10.12-ENDORSEMENT AGREEMENT,26215,1
"VIRTUALSCOPICS,INC_11_12_2010-EX-10.1-STRATEGIC ALLIANCE AGREEMENT",46057,0
BellringBrandsInc_20190920_S-1_EX-10.12_11817081_EX-10.12_Manufacturing Agreement1,42473,0
BLUEFLYINC_03_27_2002-EX-10.27-e-business Hosting Agreement,37351,1
ASIANDRAGONGROUPINC_08_11_2005-EX-10.5-Reseller Agreement,45002,0
MANUFACTURERSSERVICESLTD_06_05_2000-EX-10.14-OUTSOURCING AGREEMENT,338211,1
LiquidmetalTechnologiesInc_20200205_8-K_EX-10.1_11968198_EX-10.1_Development Agreement,83972,0
PlayboyEnterprisesInc_20090220_10-QA_EX-10.2_4091580_EX-10.2_Content License Agreement_ Marketing Agreement_ Sales-Purchase Agreement2,3558,0
ZtoExpressCaymanInc_20160930_F-1_EX-10.10_9752871_EX-10.10_Transportation Agreement,9174,1
ScansourceInc_20190822_10-K_EX-10.39_11793959_EX-10.39_Distributor Agreement,10891,0
LOOKSMARTLTD_07_20_2012-EX-99.(D)(I)-SPONSORSHIP AGREEMENT,25922,0
2ThemartComInc_19990826_10-12G_EX-10.10_6700288_EX-10.10_Co-Branding Agreement_ Agency Agreement,29454,0
MOELIS_CO_03_24_2014-EX-10.19-STRATEGIC ALLIANCE AGREEMENT,122054,0
XYBERNAUTCORP_07_12_2002-EX-4-SPONSORSHIP AGREEMENT,48489,0
"CARDAX,INC_08_19_2014-EX-10.1-COLLABORATION AGREEMENT",56539,0
PcquoteComInc_19990721_S-1A_EX-10.11_6377149_EX-10.11_Co-Branding Agreement2,857,0
"MACY_S,INC_05_11_2020-EX-99.4-JOINT FILING AGREEMENT",1397,0
TALCOTTRESOLUTIONLIFEINSURANCECO-SEPARATEACCOUNTTWELVE_04_30_2020-EX-99.8(L)-SERVICE AGREEMENT,29797,0
ArmstrongFlooringInc_20190107_8-K_EX-10.2_11471795_EX-10.2_Intellectual Property Agreement,56858,0
PFSFUNDS_06_26_2020-EX-99.H OTH MAT CONT-SERVICES AGREEMENT,15052,0
WaterNowInc_20191120_10-Q_EX-10.12_11900227_EX-10.12_Distributor Agreement,48412,0
MTITECHNOLOGYCORP_11_16_2004-EX-10.102-Reseller Agreement Premier Addendum,32744,0
SCOUTCAMINC_05_12_2020-EX-10.22-SERVICES AGREEMENT,8315,0
PharmagenInc_20120803_8-KA_EX-10.1_7693204_EX-10.1_Endorsement Agreement,17886,0
DRKOOPCOMINC_04_21_1999-EX-10.28-SPONSORSHIP AGREEMENT,39177,0
IMPCOTECHNOLOGIESINC_04_15_2003-EX-10.65-JOINT VENTURE AGREEMENT,63439,0
EbixInc_20010515_10-Q_EX-10.3_4049767_EX-10.3_Co-Branding Agreement,42972,0
"VNUE,INC_07_10_2015-EX-10.1-SPONSORSHIP AGREEMENT",20487,0
LegacyEducationAllianceInc_20141110_8-K_EX-10.9_8828866_EX-10.9_Endorsement Agreement,19913,0
EcoScienceSolutionsInc_20180406_8-K_EX-10.1_11135398_EX-10.1_Sponsorship Agreement,8052,0
PcquoteComInc_19990721_S-1A_EX-10.11_6377149_EX-10.11_Co-Branding Agreement3,2558,0
GluMobileInc_20070319_S-1A_EX-10.09_436630_EX-10.09_Content License Agreement4,1902,0
"GOOSEHEADINSURANCE,INC_04_02_2018-EX-10.6-Franchise Agreement",300768,1
"OPTIMIZEDTRANSPORTATIONMANAGEMENT,INC_07_26_2000-EX-6.6-DISTRIBUTOR AGREEMENT",10801,0
IMAGEWARESYSTEMSINC_12_20_1999-EX-10.22-MAINTENANCE AGREEMENT,21778,0
NakedBrandGroupInc_20150731_POS AM (on S-1)_EX-10.75_9196027_EX-10.75_Endorsement Agreement,48410,0
IdeanomicsInc_20151124_8-K_EX-10.2_9354744_EX-10.2_Content License Agreement,35189,0
ZONDWINDSYSTEMPARTNERSLTDSERIES85-B_04_03_2006-EX-10-MANAGEMENT AND MAINTENANCE AGREEMENT,17712,0
IbioInc_20200313_8-K_EX-10.1_12052678_EX-10.1_Development Agreement,30544,0
BellringBrandsInc_20190920_S-1_EX-10.12_11817081_EX-10.12_Manufacturing Agreement4,1742,0
ParatekPharmaceuticalsInc_20170505_10-KA_EX-10.29_10323872_EX-10.29_Outsourcing Agreement,114893,0
JOINTCORP_09_19_2014-EX-10.15-FRANCHISE AGREEMENT,167259,1
VnueInc_20150914_8-K_EX-10.1_9259571_EX-10.1_Promotion Agreement,10553,0
NEXSTARFINANCEHOLDINGSINC_03_27_2002-EX-10.26-OUTSOURCING AGREEMENT,120459,0
SUNTRONCORP_05_17_2006-EX-10.22-MAINTENANCE AGREEMENT,32263,1
"SPIENERGYCO,LTD_03_09_2011-EX-99.5-OPERATIONS AND MAINTENANCE AGREEMENT",54160,0
SteelVaultCorp_20081224_10-K_EX-10.16_3074935_EX-10.16_Affiliate Agreement,18157,0
"PRECIGEN,INC_01_22_2020-EX-99.1-JOINT FILING AGREEMENT",972,0
PhotronicsInc_20171219_10-QA_EX-10.28_10982650_EX-10.28_Outsourcing Agreement,25392,0
"KIROMICBIOPHARMA,INC_04_08_2020-EX-10.28-JOINT VENTURE AGREEMENT",36610,0
EMERALDHEALTHTHERAPEUTICSINC_06_10_2020-EX-4.5-CONSULTING AGREEMENT - DR. GAETANO MORELLO N.D. INC.,20637,0
PlayboyEnterprisesInc_20090220_10-QA_EX-10.2_4091580_EX-10.2_Content License Agreement_ Marketing Agreement_ Sales-Purchase Agreement1,117118,0
TubeMediaCorp_20060310_8-K_EX-10.1_513921_EX-10.1_Affiliate Agreement,69973,0
"MARSHALLHOLDINGSINTERNATIONAL,INC_04_14_2004-EX-10.15-ENDORSEMENT AGREEMENT",12962,0
PcquoteComInc_19990721_S-1A_EX-10.11_6377149_EX-10.11_Co-Branding Agreement1,19851,0
BLACKBOXSTOCKSINC_08_05_2014-EX-10.1-DISTRIBUTOR AGREEMENT,17234,0
ALCOSTORESINC_12_14_2005-EX-10.26-AGENCY AGREEMENT,11355,0
WARNERCHILCOTTPLC_12_31_2003-EX-4.36-DEVELOPMENT AGREEMENT,29683,0
VertexEnergyInc_20200113_8-K_EX-10.1_11943624_EX-10.1_Marketing Agreement,45072,0
NETZEEINC_11_14_2002-EX-10.3-MAINTENANCE AGREEMENT,3474,0
REGANHOLDINGCORP_03_31_2008-EX-10-LICENSE AND HOSTING AGREEMENT,55889,0
INGEVITYCORP_05_16_2016-EX-10.5-INTELLECTUAL PROPERTY AGREEMENT,63376,0
MidwestEnergyEmissionsCorp_20080604_8-K_EX-10.2_3093976_EX-10.2_Content License Agreement,33917,0
"NOVOINTEGRATEDSCIENCES,INC_12_23_2019-EX-10.1-JOINT VENTURE AGREEMENT",21955,0
HYDRONTECHNOLOGIESINC_03_31_1997-EX-10.47-SPONSORSHIP AGREEMENT,28932,0
CcRealEstateIncomeFundadv_20181205_POS 8C_EX-99.(H)(3)_11447739_EX-99.(H)(3)_Marketing Agreement,30127,0
"BLUEROCKRESIDENTIALGROWTHREIT,INC_06_01_2016-EX-1.1-AGENCY AGREEMENT",134179,0
XinhuaSportsEntertainmentLtd_20070221_F-1_EX-99.4_645553_EX-99.4_Content License Agreement,19128,0
MERITLIFEINSURANCECO_06_19_2020-EX-10.(XIV)-MASTER SERVICES AGREEMENT,22090,0
"TALLGRASSENERGY,LP_02_20_2020-EX-99.26-JOINT FILING AGREEMENT",3971,0
KINGPHARMACEUTICALSINC_08_09_2006-EX-10.1-PROMOTION AGREEMENT,173240,0
PerformanceSportsBrandsInc_20110909_S-1_EX-10.10_7220214_EX-10.10_Endorsement Agreement,27166,0
