contract_id,span_id,start,end,text
DovaPharmaceuticalsInc_20181108_10-Q_EX-10.2_11414857_EX-10.2_Promotion Agreement,0,143450,143918,"Solely in the event that Dova has terminated this Agreement pursuant to Section 12.3.1 and notwithstanding anything else herein, in consideration of the promotion services performed by Valeant during the Term, with respect to the Tail Period, Dova shall make payments to Valeant in an amount equal to [***] of the amounts that would have been payable by Dova to Valeant with respect to such Tail Period pursuant to Section 6.1 had the Agreement not been so terminated."
"FTENETWORKS,INC_02_18_2016-EX-99.4-STRATEGIC ALLIANCE AGREEMENT",0,34661,34901,"In the event Subcontractor directly employs or contracts with an employee of EDGE without the consent of EDGE, Subcontractor shall pay as liquidated damages two times the then monthly salary of the employee for a three-month period of time."
BONTONSTORESINC_04_20_2018-EX-99.3-AGENCY AGREEMENT,0,108834,109191,"In the event the Closing fails to occur, then, only upon entry of a final and non-appealable order of the Bankruptcy Court determining that such failure was the result of Purchaser's sole, material, non-excusable breach of this Agreement, then Merchant shall be entitled to retain the Deposit as liquidated damages as Merchant's sole remedy for such breach."
PfHospitalityGroupInc_20150923_10-12G_EX-10.1_9266710_EX-10.1_Franchise Agreement1,0,132659,132884,The amounts contemplated under Section 16.4 [Liquidated Damages] above is not a penalty and is intended by the parties only as a compensatory remedy for past breaches and not as a preventative remedy to deter future breaches.
PfHospitalityGroupInc_20150923_10-12G_EX-10.1_9266710_EX-10.1_Franchise Agreement1,1,132094,132265,The payments called for in Section 16.4 [Liquidated Damages] above constitute liquidated damages for causing the premature termination of this Agreement and not a penalty.
PfHospitalityGroupInc_20150923_10-12G_EX-10.1_9266710_EX-10.1_Franchise Agreement1,2,131587,132060,"If this Agreement is terminated due to your default, you must, upon written demand, pay us a lump-sum payment in an amount calculated as follows: (a) the average of your Royalty fees and Advertising Contributions due for the last 60 months before our delivery of notice of default (or, if lesser, the months you had been operating before our delivery of notice of default), (b) multiplied by the lesser of 60 or the number of months remaining in the term of this Agreement."
PfHospitalityGroupInc_20150923_10-12G_EX-10.1_9266710_EX-10.1_Franchise Agreement1,3,132419,132651,"Nevertheless, the parties agree that the lump-sum payment provided under Section 16.4 [Liquidated Damages] above is reasonable in light of the damages for premature termination that may reasonably be expected to occur in such event."
TUNIUCORP_03_06_2014-EX-10-COOPERATION AGREEMENT,0,6486,6889,"Except as otherwise agreed hereunder, if Party A or its subsidiaries fail to pay the Service Fee in full on schedule according to provisions of Article 4.1 and Article 4.2, then Party A or its subsidiaries shall, in addition to the continuance of the payment of Service Fee in full, it shall pay Party B the liquidated damages at a daily interest rate of 0.03% in respect of the outstanding Service Fee."
SENMIAOTECHNOLOGYLTD_02_19_2019-EX-10.5-Collaboration Agreement,0,22507,22631,"In this case, Party B shall pay additional deposit equivalent to the liquidated damages when it pays the liquidated damages."
SENMIAOTECHNOLOGYLTD_02_19_2019-EX-10.5-Collaboration Agreement,1,22223,22397,"If Party B shall pay liquidated damages for breach of this Agreement or violation of the platform rules, Party A is entitled to request Party B to pay the liquidated damages."
SENMIAOTECHNOLOGYLTD_02_19_2019-EX-10.5-Collaboration Agreement,2,37029,37477,"The following acts constitute Class C breaches. In the event of any breach below by Party B, Party B shall immediately remedy the breach, and Party A is entitled to request Party B to pay the liquidated damages of an amount from RMB5,000 (RMB FIVE THOUSAND) to RMB50,000 (RMB FIFTY THOUSAND) based on the consequences of the breach, and send the Confirmation Letter on the Breach of the Partner of Xiaoju Online Ride-hailing Marketplace to Party B."
SENMIAOTECHNOLOGYLTD_02_19_2019-EX-10.5-Collaboration Agreement,3,33765,34211,"The following acts constitute Class B breaches. In the event of any breach below by Party B, Party B shall immediately remedy the breach, and Party A is entitled to request Party B to pay the liquidated damages of an amount from RMB1,000 (RMB ONE THOUSAND) to RMB 5,000 (RMB FIVE THOUSAND) based on the consequences of the breach, and send the Confirmation Letter on the Breach of the Partner of Xiaoju Online Ride-hailing Marketplace to Party B."
SENMIAOTECHNOLOGYLTD_02_19_2019-EX-10.5-Collaboration Agreement,4,22632,22889,"For example, if Party B shall pay liquidated damages as much as RMB N, it shall pay additional RMB N to increase the deposit paid in accordance with Article 4.2 after it pays the liquidated damages or Party A deducts the liquidated damages from the deposit."
SENMIAOTECHNOLOGYLTD_02_19_2019-EX-10.5-Collaboration Agreement,5,55667,56032,"Any violation of this article by Party B shall be considered as a material breach of the this Agreement, and Party A is entitled to immediately terminate this Agreement and the cooperation relationship between the Parties, and request Party B to pay the liquidated damages of RMB 50,000 (RMB FIFTY THOUSAND) and indemnify for all losses incurred to Party A thereby."
SENMIAOTECHNOLOGYLTD_02_19_2019-EX-10.5-Collaboration Agreement,6,15854,16132,"In case that the Driver User unilaterally terminates the Financial Leasing Agreement in advance, Party B shall collect the liquidated damages from the Driver User within 30% of the ""down payment + total monthly rent + last payment"" stipulated in the Financial Leasing Agreement;"
SENMIAOTECHNOLOGYLTD_02_19_2019-EX-10.5-Collaboration Agreement,7,41121,41565,"The following acts constitute Class D breaches. In the event of any breach below by Party B, Party B shall immediately remedy the breach, and Party A is entitled to request Party B to pay the liquidated damages of not less than RMB50,000 (RMB FIFTY THOUSAND) based on the consequences of the breach, and send the Confirmation Letter on the Breach of the Partner of Xiaoju Online Ride-hailing Marketplace to Party B, and terminate the Agreement."
SENMIAOTECHNOLOGYLTD_02_19_2019-EX-10.5-Collaboration Agreement,8,56434,56702,"In such case, Party A is entitled to immediately terminate the Agreement and the cooperation relationship between the Parties, and request Party B to pay the liquidated damages of RMB50,000 (RMB FIFTY THOUSAND) and indemnify for all losses incurred to Party A thereby."
SENMIAOTECHNOLOGYLTD_02_19_2019-EX-10.5-Collaboration Agreement,9,30313,30571,"In the case of a written notice 15 days in advance from either party to the other Party And a payment of the liquidated damages of RMB10,000 (RMB TEN THOUSAND), this Agreement shall terminate as of the date of termination stated in the notice of termination."
NICELTD_06_26_2003-EX-4.5-OUTSOURCING AGREEMENT,0,66463,66607,"In any event, the total liquidated damages                     as per this Section shall not exceed 5% of the Product                     Price."
NICELTD_06_26_2003-EX-4.5-OUTSOURCING AGREEMENT,1,65274,66267,"Any delay from the Due Date of a certain                Product in a certain Quarter, not due to a specific written                request by NICE or otherwise deriving from a breach of NICE'                undertakings hereunder and only to the extent deriving from such                breach by NICE, or caused by an event of Force Majeure, and                subject to the terms hereof, shall be considered a material                breach of Contractor's obligations under this Agreement and shall                entitle NICE to the following liquidated damages in addition to                any remedy available to NICE under this Agreement or by law:

               5.3.1. One percent (1%) of the Product Price for a delay of 3 to                     5 Days.

               5.3.2. Three percent (3%) of the Product Price for a delay of up                     to 10 Days.

               5.3.3. Five percent (5%) of the Product Price for a delay of 11                     Days or more."
NICELTD_06_26_2003-EX-4.5-OUTSOURCING AGREEMENT,2,66885,67393,"In the event that following the delay, Contractor is in                     compliance with the Due Dates for two immediately                     consecutive Quarters and there is no delay whatsoever,                     Contractor will be reimbursed by NICE for liquidated damages                     already paid for delay in the previous Quarter (before the                     said 2 Quarters), if paid, without derogating from the                     previous delay being regarded as a breach hereunder."
NICELTD_06_26_2003-EX-4.5-OUTSOURCING AGREEMENT,3,66291,66462,"For the removal of doubt, when determining the liquidated                     damages due, the applicable sub-section 5.3.1, 5.3.2 OR                     5.3.3 will apply."
"Zounds Hearing, Inc. - MANUFACTURING DESIGN MARKETING AGREEMENT",0,40838,41099,"Each Party agrees that in the event it violates the provisions of this Section 15.9, it will pay to the other Party as liquidated damages, and not as a penalty, an amount equal to one hundred times (100 X) of any such employee's then-current base annual salary."
INKTOMICORP_06_08_1998-EX-10.14-SOFTWARE HOSTING AGREEMENT,0,36209,37683,"Notwithstanding anything contained herein to the contrary, should Microsoft exercise its termination right pursuant to this Section 10.2, then Inktomi will have the right to elect, in writing within fifteen (15) days after receipt of Microsoft's notice of termination hereunder, either one of the following two options for a early termination penalty:

                (a)   Inktomi may require Microsoft to pay to Inktomi, in  [*] immediately following the effective termination date, an amount equal to [*] ([*]) of all outstanding principal, interest and other amounts owed or owing to Microsoft by Inktomi on the date of termination under the Loan Agreement (and outstanding Promissory Notes issued thereunder); or

               (b)    Inktomi may deliver that portion of the Collateral (as defined in the Loan Agreement) which was purchased with Advances evidenced by the then-outstanding Promissory Notes (as defined in the Loan Agreement) (the ""Returned Collateral"") to Microsoft, and assign all right, title and interest in





and to said Returned Collateral to Microsoft, and promptly upon such delivery and assignment Inktomi may require Microsoft to pay to Inktomi, in [*]  immediately following the effective date of termination, an amount equal to [*] ([*]) of all outstanding principal, interest and other amounts owed or owing to Microsoft by Inktomi on the date of termination under the Loan Agreement (and outstanding Promissory Notes issued thereunder)"
HEALTHGATEDATACORP_11_24_1999-EX-10.1-HOSTING AND MANAGEMENT AGREEMENT (1),0,10844,11126,Such sums of money will be paid by HealthGate to the             Publishers not as a penalty but as and for the ascertained and             liquidated damages owing and payable by HealthGate to the Publishers             by reason of such failure to meet the System Completion Date.
HEALTHGATEDATACORP_11_24_1999-EX-10.1-HOSTING AND MANAGEMENT AGREEMENT (1),1,10050,11126,"If HealthGate fails to complete the System development by the System             Completion Date, unless such failure results from the Publishers'             default in performing its obligations under this Agreement or from             an extension of time agreed in writing, the Publishers may in their             discretion notify HealthGate accordingly, and if such failure is not             remedied within 28 calendar days, HealthGate, recognising the loss             caused to the Publishers, will on demand from the Publishers pay to             the Publishers a sum calculated at the rate of 1% of the value of             the contract in respect of every 28 days which elapse from the             System Completion Date to the actual date of completion of the             System. Such sums of money will be paid by HealthGate to the             Publishers not as a penalty but as and for the ascertained and             liquidated damages owing and payable by HealthGate to the Publishers             by reason of such failure to meet the System Completion Date."
"MIDDLEBROOKPHARMACEUTICALS,INC_03_18_2010-EX-10.1-PROMOTION AGREEMENT",0,43109,43270,"If MBRK  terminates the Agreement in years 2 or 3 prior to the period 60 days before the anniversary date, then MBRK will pay  DD only the Early Termination Fee."
"MIDDLEBROOKPHARMACEUTICALS,INC_03_18_2010-EX-10.1-PROMOTION AGREEMENT",1,3953,4157,"""Early Termination Fee"" means that amount equal to the most recent month's Promotion Fee prior to  termination, multiplied by the number of unexpired months remaining in the current year of the Agreement."
"MIDDLEBROOKPHARMACEUTICALS,INC_03_18_2010-EX-10.1-PROMOTION AGREEMENT",2,42939,43108,"If MBRK terminates this Agreement in the first year of the Agreement  for any reason, then MBRK will pay DD a) an Early Termination Fee plus b) the End of Agreement Fee."
GRANTIERRAENERGYINC_05_07_2012-EX-10.6-TRANSPORTATION CONTRACT,0,84905,85221,"The Transporter shall only accept extemporary nominations as long as the Pipeline  has available Capacity. If the nomination is accepted, the Third Party or Sender shall Pay to the Transporter as a penalty, two (2%) of the  applicable rate to the volumes in barrels delivered in the Pipeline in the respective month."
GRANTIERRAENERGYINC_05_07_2012-EX-10.6-TRANSPORTATION CONTRACT,1,24803,25071,"In case of failing to fulfill the obligations of the SENDER as a result of any actions or illegal omissions or deviations from the Contract, the  SENDER agrees to pay ECOPETROL as a penalty, an amount equivalent to ten percent (10%) of the final value of the Contract."
RitterPharmaceuticalsInc_20200313_S-4A_EX-10.54_12055220_EX-10.54_Development Agreement,0,50040,50636,"In the event of any breach of Sections 9.1 through 9.3, including without limitation, any actions by stockholders of Qualigen that result in a Sale Transaction without complying with Sections 9.1 through 9.3 above, or otherwise hinder the intent and purpose of the provisions of Sections 9.1 through 9.3 above, in addition to any other remedies available to Sekisui under the terms of this Agreement, including the right to specific performance and other equitable remedies, Sekisui shall be entitled to liquidated damages in the amount of three times any and all Financing Payments made to date."
AMERICASSHOPPINGMALLINC_12_10_1999-EX-10.2-SITE DEVELOPMENT AND HOSTING AGREEMENT,0,5714,6036,"In the event the Company terminates this Agreement, the Company shall pay to HDI a termination payment, (the ""Termination Payment"") the amount of which shall be an amount equal to the aggregate Net Sales for the twelve (12) months preceding the Termination Date less $800,000, the balance of which shall be divided by two."
UsioInc_20040428_SB-2_EX-10.11_1723988_EX-10.11_Affiliate Agreement 2,0,10762,11230,"The  Exit  Fee  shall  be  paid  by  Affiliate  immediately prior to the assignment  or  Transfer of Merchants and/or its net revenue.  The amount of the Exit Fee during and following the termination of this Agreement shall be defined as  the  following:  (1)  the aggregate sum, per transferring merchant, equal to eighteen  (18) months net recurring revenue normally paid to Affiliate under the compensation  terms  of  this  Agreement  to  a  maximum  of  $250,000."
SUMMAFOURINC_06_19_1998-EX-10.3-SOFTWARE LICENSE AND MAINTENANCE AGREEMENT,0,114429,114595,"Within the Warranty period, LICENSEE may elect to pay D2 a sum of $1,400,000 as a one time paid-up runtime license fees for the Basic Services specified in Exhibit A."
ELANDIAINTERNATIONALINC_04_25_2007-EX-10.21-Outsourcing Agreement,0,57320,57493,If the BSP terminates under clause 14.3 (Termination by BSP for Convenience) the BSP will pay Datec the Termination Fee calculated in accordance with Attachment C (Pricing).
PareteumCorp_20081001_8-K_EX-99.1_2654808_EX-99.1_Hosting Agreement,0,62083,62238,"In case of violation of this article, the Party shall pay to the other Party an equivalent of eighteen (18) months gross salary of the respective employee."
PhasebioPharmaceuticalsInc_20200330_10-K_EX-10.21_12086810_EX-10.21_Development Agreement,0,240956,241350,"In the event that SFJ terminates this Agreement pursuant to this Section 14.2.1 then in exchange for purchasing the Trial Data Package including the Research Results included therein as set forth in Section 11.1.1.4, PB will pay SFJ, within [***] of the date of termination, an amount equal to three hundred percent (300%) of Development Costs paid or incurred by SFJ prior to such termination."
"HEMISPHERX - Sales, Marketing, Distribution, and Supply Agreement",0,33014,33084,HEMISPHERX will have the option at any time to buy out this Agreement.
"INTERSECTENT,INC_05_11_2020-EX-10.1-SUPPLY AGREEMENT",0,29977,30221,"In the case that either company is acquired by, or merges with, another company which has reason to not wish to continue the relationship, that company may make a contract buyout payment [*] for the [*], with a [*] buyout payment amount of [*]."
BUFFALOWILDWINGSINC_06_05_1998-EX-10.3-FRANCHISE AGREEMENT,0,92367,92773,"You specifically acknowledge that our designated representative may take over, control, and operate the Franchised Restaurant, and that you will pay us a service fee of not less than TWO HUNDRED Dollars ($200) per day plus all travel expenses, room and board and other expenses reasonably incurred by such representative so long as it shall be required by the representative to enforce compliance herewith."
BUFFALOWILDWINGSINC_06_05_1998-EX-10.3-FRANCHISE AGREEMENT,1,9362,9530,You pay us a nonrefundable Initial Franchise Fee of ________________ _______________________ Dollars ($________) which is payable in full on the date of this Agreement.
IDREAMSKYTECHNOLOGYLTD_07_03_2014-EX-10.39-Cooperation Agreement on Mobile Game Business,0,32483,32972,"If Party A discovers in its spot checks conducted from time to time that any game, software, business, works, content or service provided by Party B is not in compliance with laws, regulations, industry rules, Party A's management measures or contractual agreement, Party B shall pay Party A additional amount of performance bond at RMB5,000 per violation, or RMB10,000 per business, to be payable to by Party B within 10 working days after the results of copyright spot checks are posted."
IDREAMSKYTECHNOLOGYLTD_07_03_2014-EX-10.39-Cooperation Agreement on Mobile Game Business,1,54181,54584,"If Party A discovers that Party B has violated the Integrity Agreement attached hereto by bribing Party A's working personnel, Party A may elect to impose a penalty of RMB10,000 to 100,000, suspend cooperation for 1-3 years or terminate the cooperation depending on the seriousness of the violation and the consequences thus brought about, and any loss thus incurred to Party A shall be borne by Party B"
IDREAMSKYTECHNOLOGYLTD_07_03_2014-EX-10.39-Cooperation Agreement on Mobile Game Business,2,33900,34102,"For the third time of the aforementioned violation, Party A will withhold the full amount of the performance bond already paid by Party B, and terminate the full-range business cooperation for one year."
IDREAMSKYTECHNOLOGYLTD_07_03_2014-EX-10.39-Cooperation Agreement on Mobile Game Business,3,33726,33898,"For the second time of the aforementioned violation, the amount of performance bond shall be additionally paid at RMB3,000 per time on the basis of the amount previous paid"
"HOSPITALITYINVESTORSTRUST,INC_04_07_2014-EX-10.26-FRANCHISE AGREEMENT",0,85998,86672,"If this Agreement terminates before the Expiration Date, you will pay us Liquidated Damages as follows:   14.4.1.1 If termination occurs before you begin the Hotel Work and before the Opening Date, and you or any Guarantor (or your or any Guarantor's Affiliates) directly or indirectly, enter into a franchise, license, management, lease and/or other similar agreement for or begin construction or commence operation of a hotel, motel, inn, or similar facility at the Hotel Site under a Competitor Brand within one (1) year after termination, then you will pay us Liquidated Damages in an amount equal to $3,600 multiplied by the number of approved Guest Rooms at the Hotel."
"HOSPITALITYINVESTORSTRUST,INC_04_07_2014-EX-10.26-FRANCHISE AGREEMENT",1,47209,47400,"You will pay us Liquidated Damages in the amount of Five Thousand Dollars ($5,000) per day if you open the Hotel before the Opening Date to compensate us for the damage caused by such breach."
"HOSPITALITYINVESTORSTRUST,INC_04_07_2014-EX-10.26-FRANCHISE AGREEMENT",2,112777,112984,THE PARTIES ACKNOWLEDGE THAT LIQUIDATED DAMAGES PAYABLE BY YOU UNDER THIS AGREEMENT (WHETHER PRE-OPENING LIQUIDATED DAMAGES OR LIQUIDATED DAMAGES FOR EARLY TERMINATION) ARE NOT PUNITIVE OR EXEMPLARY DAMAGES.
"HOSPITALITYINVESTORSTRUST,INC_04_07_2014-EX-10.26-FRANCHISE AGREEMENT",3,88039,88146,Payment of Liquidated Damages is due thirty (30) days following termination of this Agreement or on demand.
"HOSPITALITYINVESTORSTRUST,INC_04_07_2014-EX-10.26-FRANCHISE AGREEMENT",4,87620,87998,"If there are less than sixty (60) months remaining in the Term on the date of termination, you will pay us Liquidated Damages in an amount calculated by dividing the sum of the Monthly Royalty Fees due to us under this Agreement for the prior twenty-four (24) month period by twenty-four (24) and then multiplying the resulting sum by the number of months remaining in the Term."
"HOSPITALITYINVESTORSTRUST,INC_04_07_2014-EX-10.26-FRANCHISE AGREEMENT",5,86984,87212,"If termination occurs after the Effective Date but before the second anniversary of the Opening Date, you will pay us Liquidated Damages in an amount equal to $3,600 multiplied by the number of approved Guest Rooms at the Hotel."
"HOSPITALITYINVESTORSTRUST,INC_04_07_2014-EX-10.26-FRANCHISE AGREEMENT",6,87224,87608,"If termination occurs after the second anniversary of the Opening Date but before the final five (5) calendar years of the Term, you will pay us Liquidated Damages in an amount calculated by dividing the sum of the Monthly Royalty Fees due to us under this Agreement for the prior twenty-four (24) month period by twenty-four (24) and then multiplying the resulting sum by sixty (60)."
"HOSPITALITYINVESTORSTRUST,INC_04_07_2014-EX-10.26-FRANCHISE AGREEMENT",7,86684,86972,"If termination occurs after you begin the Hotel Work but before the Opening Date, you will pay us Liquidated Damages in an amount equal to $3,600 multiplied by the number of approved Guest Rooms at the Hotel, unless your failure to complete the Hotel Work was the result of Force Majeure."
MPLXLP_06_17_2015-EX-10.1-TRANSPORTATION SERVICES AGREEMENT,0,41073,41280,If Shipper fails to notify MPL within one hundred and eighty (180) days of the Project's in-service date or if MPL is unsuccessful in obtaining additional volume commitments as provided for in Section 3.8 to
MPLXLP_06_17_2015-EX-10.1-TRANSPORTATION SERVICES AGREEMENT,1,41290,41650,"fully replace Shipper's original volume commitment as submitted in its Capacity Request Form in Exhibit C, Shipper will reimburse MPL for Shipper's pro rata portion of actual and committed Construction Costs, plus, an administrative fee of ten (10) percent of said costs (such reimbursement is hereinafter referred to as the ""Construction Cost Reimbursement"")."
MPLXLP_06_17_2015-EX-10.1-TRANSPORTATION SERVICES AGREEMENT,2,41651,42194,"The Parties agree that the Construction Cost Reimbursement shall be deemed liquidated damages and that such amount shall not be deemed a penalty, but rather represents a reasonable amount of liquidated damages in light of the anticipated or actual harm caused by Shipper's termination of this Agreement as stated, the difficulties of proof of loss, and the inconvenience or non- feasibility of otherwise obtaining an adequate remedy, and that the payment of such amount shall be MPL's sole and exclusive remedy for such termination by Shipper."
DYNAMEXINC_06_06_1996-EX-10.4-TRANSPORTATION SERVICES AGREEMENT,0,32356,32597,"For each Default Month, the Party in default shall pay a penalty equal         to five (5) times the Party not in default's corporate average yield         during the Default Month for each shipment below the performance





     commitment"
DYNAMEXINC_06_06_1996-EX-10.4-TRANSPORTATION SERVICES AGREEMENT,1,31962,32349,"In the event a Party has, in any twelve (12) month period, more than         three (3) Monthly Performance Failures, then the defaulting Party shall         pay a penalty to the Party not in default, which the Parties acknowledge         is a pre-estimation of damages suffered by the non-defaulting Party due         to the current month's Monthly Performance Failure (""Default Month"")."
"Array BioPharma Inc. - LICENSE, DEVELOPMENT AND COMMERCIALIZATION AGREEMENT",0,220077,220200,"in (a) or (b) above, the otherwise applicable royalty rate with respect to Products shall thereafter be [ * ] for the [ * ]"
"Array BioPharma Inc. - LICENSE, DEVELOPMENT AND COMMERCIALIZATION AGREEMENT",1,219129,219818,"In the event that Array (a) [ * ] during [ * ], or (b) intentionally conceals or falsifies a material result and/or material item of data concerning the safety or efficacy of the Product, which concealment or falsification (i) is undertaken to induce Ono to not terminate this Agreement and (ii) results in a substantial reduction to the value of the Product in the Ono Territory, then, as an alternative to its right to terminate this Agreement pursuant to Section 13.3 above, Ono may in its discretion elect to continue this Agreement, in which case (A) Ono shall be relieved of its due diligence obligations under this Agreement; and (B) as liquidated damages for the breaches described"
"MEDALISTDIVERSIFIEDREIT,INC_05_18_2020-EX-10.1-CONSULTING AGREEMENT",0,14470,14820,"In the event of a 'Change of Control' of Company, then if CONSULTANT's services are terminated without cause at any time within a twelve (12) month period following such Change of Control, CONSULTANT shall receive a termination fee equal to twelve (12) months compensation hereunder at the then current monthly rate, including any stock compensation."
AFSALABANCORPINC_08_01_1996-EX-1.1-AGENCY AGREEMENT,0,8322,9039,"In the event the closing  does not occur,  the  Conversion  is terminated  or  otherwise  abandoned,   or  the  terms  of  the  Conversion  are substantially  amended  so as to  materially  and  adversely  change the role of Capital  Resources,  Capital  Resources  shall be reimbursed  for all reasonable legal fees and  out-of-pocket  expenses for  rendering  financial  advice to the Association  concerning the structure of the Conversion,  preparing a market and financial analysis, performing due diligence and assisting in the preparation of the Application for Conversion and the  Registration  Statement,  which shall be paid upon such termination, abandonment or amendment or within five days of such event."
CCAINDUSTRIESINC_04_14_2014-EX-10.1-OUTSOURCING AGREEMENT,0,21354,21775,"Either party hereto may terminate this Agreement after the Initial Period upon at least six (6) months' prior written notice to the other party thereof. The Company may terminate this Agreement in accordance with the immediately preceding sentence but with less than six (6) months' prior written notice to Contractor; provided, that in such event, the Company shall pay Contractor an amount equal to the Termination Fee."
CCAINDUSTRIESINC_04_14_2014-EX-10.1-OUTSOURCING AGREEMENT,1,4625,4917,"""Termination Fee"" shall mean an amount equal to the average Service Fees per day over the 180 day period immediately preceding the date written notice of termination is provided pursuant to Section 8.01(d) and (e) multiplied by number of days by which the Notice Period will be less than 180."
MOSSIMOINC_04_14_2000-EX-10.14-ENDORSEMENT AGREEMENT,0,6263,6425,Any unearned Additional License Fee is fully                 &bbsp; refundable and due Company no later then January 31st of the                   following year.
MOSSIMOINC_04_14_2000-EX-10.14-ENDORSEMENT AGREEMENT,1,6041,6262,"In the event Duval does not meet                   the Minimum Annual Performance Requirements for a Contract                   Year, $375,000 of the Additional License Fee will be deemed to                   be unearned."
MOSSIMOINC_04_14_2000-EX-10.14-ENDORSEMENT AGREEMENT,2,6426,6669,"In the event the Company terminates the                   Agreement in accordance with Section 16, any unearned                   Additional License Fee will be fully refundable and due the                   Company as set forth in Section 16."
AudibleInc_20001113_10-Q_EX-10.32_2599586_EX-10.32_Co-Branding Agreement_ Marketing Agreement_ Investment Distribution Agreement,0,54542,54797,"FOR THE AVOIDANCE OF DOUBT, THE PARTIES HEREBY ACKNOWLEDGE AND AGREE THAT NOTHING IN THIS SECTION 8.2  [No Consequential Damages] IS INTENDED TO LIMIT ANY RIGHT OF ACSI TO RECEIVE LIQUIDATED DAMAGES AS SET FORTH IN SECTION 10.5.2  [Effect of Termination]."
EhaveInc_20190515_20-F_EX-4.44_11678816_EX-4.44_License Agreement_ Reseller Agreement,0,49569,50014,"In addition, CHT may terminate this Agreement and the rights granted hereunder, in whole or in part, and without prejudice to enforcement of any other legal right or remedy (including any express termination right set forth elsewhere in this Agreement), at any time without cause, by providing at least thirty (30) Business Days prior written notice to Ehave, but subject to payment of a termination fee equal to an amount set out in Schedule 6."
BOLIVARMININGCORP_05_23_2003-EX-2.1-VISP WEB SITE BUILDING AND HOSTING AGREEMENT,0,5749,6198,"In the event the Company fails to have its attorney issue the required opinion letter within 20 days of a written request from YourNetPlus.com or its nominee, the Company shall be liable for liquidated damages in the amount of 10% interest per 30 days on the value of the shares based on the closing bid price of the Company's common stock on the 20th business day following the date it receives written notice from YourNetPlus.com or their nominee."
VirtuosoSurgicalInc_20191227_1-A_EX1A-6 MAT CTRCT_11933379_EX1A-6 MAT CTRCT_License Agreement,0,28495,28699,"COMPANY will pay JHU a fee equal one percent (1%) of the Aggregate Consideration received by the COMPANY, or the total amount received by stockholders of COMPANY, upon the occurrence of a Liquidity Event."
"CORALGOLDRESOURCES,LTD_05_28_2020-EX-4.1-CONSULTING AGREEMENT",0,4039,4128,"This Agreement can be terminated at any time prior to the expiry of the Term, as follows:"
"CORALGOLDRESOURCES,LTD_05_28_2020-EX-4.1-CONSULTING AGREEMENT",1,4238,4757,"(b) by the Company electing to give the Consultant 3 months prior notice of such termination along with a termination payment equal to the annual Consulting Fee;

(c) by the Consultant electing to give the Company notice, in the event that there occurs a Change of Control (as defined below) within six (6) months of the effective date of such Change of Control, and if the Consultant so elects to terminate this Agreement, then the Consultant will be immediately entitled to a termination payment equal to CDN$750,000;"
PaperexchangeComInc_20000322_S-1A_EX-10.4_5202103_EX-10.4_Co-Branding Agreement,0,46810,47272,"if the agreement is terminated during the Initial Term by PaperExchange pursuant to Section 8.2  [Termination for Cause], VerticalNet shall pay to PaperExchange, as liquidated damages, an amount equal to the product determined by multiplying (1) a fraction, the numerator of which shall be the number of days between the effective date of termination and the scheduled expiration date of the Initial Term, and the denominator of which shall be the number of days"
PaperexchangeComInc_20000322_S-1A_EX-10.4_5202103_EX-10.4_Co-Branding Agreement,1,47317,47411,"between the Effective Date and the scheduled expiration date of the Initial Term, by (2) *****"
RISEEDUCATIONCAYMANLTD_04_17_2020-EX-4.23-SERVICE AGREEMENT,0,10538,10827,"Notwithstanding the foregoing, upon any delay by Service Recipient in its payment of any Service Fee to Service Provider, for each day of delay in such payment, Service Recipient must pay Service Provider liquidated damages at 0.5 percent (0.5%) of the Service Fee that are due and unpaid."
FIBROGENINC_10_01_2014-EX-10.11-COLLABORATION AGREEMENT,0,138851,139347,"In the event of (a) a termination by Astellas under Section 18.6 during the period from the execution of this Agreement until the last to expire of the FG Patents, or (b) by FG under Section 18.2.1, 18.2.2, 18.2.4 or 18.2.5 hereof, Astellas shall, upon the effective date of such termination, pay to FG (i) a termination fee of $[ * ] U.S. dollars and (ii) any payments to which FG is otherwise entitled to receive hereunder in the period from the date of such termination notice until the [ * ]."
VitalibisInc_20180316_8-K_EX-10.2_11100168_EX-10.2_Hosting Agreement,0,34615,34901,"If any such action occurs and results in an employee accepting employment with the other Party, the Party with whom the employee accepts employment agrees to pay to the other Party as liquidated damages, an amount equal to two times that particular individual's annual salary and bonus."
SoupmanInc_20150814_8-K_EX-10.1_9230148_EX-10.1_Franchise Agreement1,0,97126,97788,"In addition to the foregoing, upon termination of this Agreement by us for cause as described in Section 10, you agree to pay to us within fifteen (15) days after the effective date of this Agreement's termination, in addition to the amounts owed hereunder, liquidated damages equal to the average monthly Unit Franchise Performance Royalty Fee and Franchise Sales Royalty Fee you paid during the twelve (12) months of operation preceding the effective date of termination multiplied by (a) twenty-four (24) (being the number of months in two (2) full years), or (b) the number of months remaining in the Agreement had it not been terminated, whichever is lower."
SoupmanInc_20150814_8-K_EX-10.1_9230148_EX-10.1_Franchise Agreement1,1,98205,98328,"The parties hereto consider this liquidated damages provision to be a reasonable, good faith pre-estimate of those damages."
SoupmanInc_20150814_8-K_EX-10.1_9230148_EX-10.1_Franchise Agreement1,2,98657,98894,"You and each of your principals agree that the liquidated damages provision does not give us an adequate remedy at law for any default under, or for the enforcement of, any provision of this Agreement other than the Royalty Fee sections."
BNLFINANCIALCORP_03_30_2007-EX-10.8-OUTSOURCING AGREEMENT,0,28917,29547,"However, if, after the Initial Term, BNL terminates this Agreement during an  Extended Term by giving less than six (6) months notice, in addition to any other sums due VIP under this Agreement, BNL shall pay to VIP a cancellation fee equal to the greater of (i) the Minimum Fee multiplied by the remaining number of months in the then current term, (ii) the average of the monthly billings for the six (6) month period immediately preceding the date upon which the notice of termination is received by VIP from BNL multiplied by the remaining number of months in the then current term or (iii) thirty thousand dollars ($30, 000)."
WatchitMediaInc_20061201_8-K_EX-10.1_4148672_EX-10.1_Content License Agreement,0,608,901,"In the event that Oceanic Time Warner Cable removes the above content and or terminates this agreement prior to December 31, 2006, Oceanic Time Warner Cable agrees to pay a cancellation fee of Five Thousand Dollars ($5,000) per month multiplied by the number of months remain on the agreement."
TRUENORTHENERGYCORP_02_08_2007-EX-10.1-DEVELOPMENT AGREEMENT,0,14858,16280,"By electing not to participate in any Completion attempt, or being deemed not to participate in any Completion attempt, Company shall be deemed to have relinquished to BP, and BP shall own and be entitled to receive, all of Company's interest in the Initial Well and share of production therefrom until the proceeds of the sale of such share, calculated at the well, or market value thereof if such share is not sold (after deducting applicable ad valorem, production, severance, windfall profits, and excise taxes, royalty, overriding royalty and other interests payable out of or measured by the production from the Initial Well accruing with respect to such interest until it reverts), shall equal the total of the following:

  (A) twenty six and one-quarter percent (26.25%) of the Completion Costs associated with the Initial Well and twenty six and one-quarter percent (26.25%) of the cost of any newly acquired surface equipment beyond the wellhead connections (including but not limited to stock tanks, separators, treaters, pumping equipment, piping and metering devices) (i.e., 300% non-consent penalty on a non-promoted basis); and

  (B) eight and three quarters percent (8.75%) of the cost of operation of the Initial Well commencing with first production and continuing until Company's interest shall revert to it in accordance with this Section 2.4 (i.e., 100% non-consent penalty on a non-promoted basis)."
"ADMA BioManufacturing, LLC -  Amendment #3 to Manufacturing Agreement ",0,3814,4115,"Should ADMA fail to supply a minimum of [***] Batches of Product (the ""Minimum Volume"") of Product during the time period as specified in this Amendment #3, ADMA agrees that Sanofi Pasteur shall be entitled to obtain from ADMA as liquidated damages, and not a penalty, amounting to $[***] ([***]) USD."
"ADMA BioManufacturing, LLC -  Amendment #3 to Manufacturing Agreement ",1,4384,4867,"In addition to the Minimum Volume of Product to be manufactured by ADMA, should ADMA deliver the Minimum Volume of Product but fail to meet the Updated Supply Plan as provided in Exhibit A as attached hereto and made an integral part hereof, then it is agreed upon by the Parties that ADMA shall pay to Sanofi Pasteur an amount equal to $[***] ([***]) USD for each Batch of Product that is less than the agreed upon quantity in Exhibit A, as liquidated damages, and not as a penalty."
OFGBANCORP_03_28_2007-EX-10.23-OUTSOURCING AGREEMENT,0,42733,43114,"The ""Estimated Remaining Value"" means the mathematical product of (a) the average monthly fee paid by Customer with respect to the Initial Services during the twelve (12) months immediately preceding the Effective Date of Termination, multiplied by (b) the number of unexpired whole months remaining between the Effective Date of Termination and the expiration of the Initial Term."
OFGBANCORP_03_28_2007-EX-10.23-OUTSOURCING AGREEMENT,1,42619,42732,The Termination Fee shall be an amount equal to a percentage of the Estimated Remaining Value as set forth below.
OFGBANCORP_03_28_2007-EX-10.23-OUTSOURCING AGREEMENT,2,16023,16842,"If the Commencement Date does not occur on or before such date (the ""Scheduled Conversion Date"") solely as a result of Metavante's failure to perform any of its obligations under this Agreement or the Conversion Plan (including the satisfactory completion of the identified Enhancements) and not as a result of any failure by Customer or any Third Party, Customer shall recover liquidated damages equal to the following:

  1.   Metavante shall pay Customer $10,000.00 for each month or portion thereof that Metavante fails to have the Commencement Date occur on the Scheduled Conversion Date provided that such amount shall be prorated for any partial month. Metavante will establish a new Scheduled Conversion Date if the above date is missed, subject to Customer's approval, which shall not be unreasonably withheld."
OFGBANCORP_03_28_2007-EX-10.23-OUTSOURCING AGREEMENT,3,43228,43597,"For example, if the Customer chose to terminate for convenience on an agreement with a Commencement Date of January 01, 2007 and provided written notice on July 15, 2009 for a termination date of January 15, 2010, the Estimated Remaining Value would be the average monthly fee during 2009 multiplied by 47 and the Termination Fee would be the Estimated Remaining Value."
OFGBANCORP_03_28_2007-EX-10.23-OUTSOURCING AGREEMENT,4,38832,39066,"If Customer breaches the foregoing covenant, the same shall constitute a partial termination of this Agreement, and Customer shall pay Metavante the Termination Fee for the affected Service, as liquidated damages and not as a penalty."
OFGBANCORP_03_28_2007-EX-10.23-OUTSOURCING AGREEMENT,5,41949,42172,"Customer may elect to terminate this Agreement for any reason upon six months written notice to Metavante, provided Customer shall pay Metavante the ""Termination Fee"" defined and computed in accordance with the table below."
OFGBANCORP_03_28_2007-EX-10.23-OUTSOURCING AGREEMENT,6,47813,47969,Customer acknowledges that the Termination Fee is a reasonable approximation of such damages and shall be deemed to be liquidated damages and not a penalty.
OFGBANCORP_03_28_2007-EX-10.23-OUTSOURCING AGREEMENT,7,17134,17242,The parties acknowledge that the foregoing payments constitute reasonable and commercial liquidated damages.
BEYONDCOMCORP_08_03_2000-EX-10.2-CO-HOSTING AGREEMENT,0,30715,31161,"""Liquidated Damages Amount"" shall mean the difference between (i) the aggregate amount of the Co-Hosting Fee paid by Co-Host (the ""Aggregate Fee"") and (ii) the Aggregate Fee multiplied by a number the numerator of which shall be the actual Aggregate Revenue through the effective date of termination of the Agreement and the denominator of which shall be the aggregate of the Minimum Revenue Targets through the effective date of the termination."
BEYONDCOMCORP_08_03_2000-EX-10.2-CO-HOSTING AGREEMENT,1,17133,17581,"Termination or expiration of this Agreement if by reason of material           breach by Co-Host shall not affect any of Co-Host's payment           obligations, all of which survive termination of this Agreement;           provided that, in (i) the event of termination of this Agreement by           Co-Host due to a material default by NAI, NAI shall pay to the Co-Host           the Liquidated Damages Amount (as defined in Part 2 of Exhibit ""A"
CHEETAHMOBILEINC_04_22_2014-EX-10.43-Cooperation Agreement,0,11206,11402,"In the event that Party B breaches this covenant, Party A has the right to terminate this Agreement at any time and require Party B to pay 30% of Party A's share of revenues as liquidated damages."
EUROPEANMICROHOLDINGSINC_03_06_1998-EX-10.6-DISTRIBUTOR AGREEMENT,0,15316,15465,"Therefore,      the parties have agreed upon the above payment of liquidated damages in      lieu of WGT's claim for actual damages from such breach."
EUROPEANMICROHOLDINGSINC_03_06_1998-EX-10.6-DISTRIBUTOR AGREEMENT,1,14956,15106,Distributor shall pay WGT fifty percent (50%) of the unpaid      balance of cumulative Guaranteed Minimum Purchase amounts as liquidated      damages.
BLACKSTONEGSOLONG-SHORTCREDITINCOMEFUND_05_11_2020-EX-99.(K)(1)-SERVICE AGREEMENT,0,12924,14015,"In addition to the payments required in this section, if this Agreement is terminated by Client for any reason other than pursuant to Section 2 or Section 11(a) above or by Agent pursuant to Section 11(b) above, then Client shall pay a termination fee, due and payable to Agent on or before the effective date of such termination, calculated as follows: (i) if the termination occurs prior to the first anniversary of the commencement date of the current term (the ""Commencement Date""), then the termination fee shall equal twelve (12) times the average monthly invoice charged to Client by Agent hereunder, (ii) if the termination occurs on or after the first anniversary of the Commencement Date but prior to the second anniversary of the Commencement Date, then the termination fee shall equal nine (9) times the average monthly invoice charged to Client by Agent hereunder, and (iii) if the termination occurs on or after the second anniversary of the Commencement Date, then the termination fee shall equal six (6) times the average monthly invoice charged to Client by Agent hereunder."
TRICITYBANKSHARESCORP_05_15_1998-EX-10-OUTSOURCING AGREEMENT,0,50579,50842,"Customer may terminate this Agreement during the Term upon at least one (1) years' written notice to M&I, provided that Customer pays M&I an early termination fee (""Termination for Convenience Fee"") in an amount equal to REDACTED of the Estimated Remaining Value."
TRICITYBANKSHARESCORP_05_15_1998-EX-10-OUTSOURCING AGREEMENT,1,51699,52130,"If M&I terminates this Agreement following an Event of Default on the part of Customer, or if Customer terminates this Agreement in accordance with Section 11.1 above without complying with the notification requirements set forth in Section 11.1, then Customer shall pay M&I a termination fee (""Termination for Cause Fee"") in an amount equal to REDACTED of the Estimated Remaining Value, payable as set forth in Section 11.1 above."
TRICITYBANKSHARESCORP_05_15_1998-EX-10-OUTSOURCING AGREEMENT,2,58478,58690,Customer acknowledges that the Termination for Convenience Fee and the Termination for Cause Fee are each a reasonable approximation of such damages and shall be deemed to be liquidated damages and not a penalty.
Monsanto Company - SECOND A_R EXCLUSIVE AGENCY AND MARKETING AGREEMENT ,0,142328,142875,Monsanto and the Agent stipulate and agree that the injury which will be caused to the Agent by the termination of this Agreement under the circumstances which shall give rise to the payment of the Termination Fee are difficult or impossible of accurate estimation; that by establishing the Termination Fee they intend to provide for the payment of damages and not a penalty; and that the sum stipulated for the Termination Fee is a reasonable pre-estimate of the probable loss which will be suffered by the Agent in the event of such termination.
Monsanto Company - SECOND A_R EXCLUSIVE AGENCY AND MARKETING AGREEMENT ,1,141436,141712,"Except for termination of this Agreement by Monsanto upon any Event of Default, a Termination Fee (as specified in Section 10.4.(d)) shall only be paid either by Monsanto or by the successor to the Roundup Business, as the case may be, upon the following terms and conditions:"
Monsanto Company - SECOND A_R EXCLUSIVE AGENCY AND MARKETING AGREEMENT ,2,141722,142305,"(1) in the event the Agreement is effectively terminated by either Monsanto or its successor or by the Agent upon Material Breach, Material Fraud or Material Willful Misconduct by Monsanto as provided for in Section 10.5.(c);

(2) no later than the effective date of the applicable termination notice and no later than the effective date of the termination; and

(3) only in the event the Agent does not become the successor to the Roundup Business, in which case the Termination Fee shall not be paid but shall be credited against the purchase price as described in Section 10.4(d)."
Monsanto Company - SECOND A_R EXCLUSIVE AGENCY AND MARKETING AGREEMENT ,3,154684,154875,"Upon termination of this Agreement by the Agent pursuant to Section 10.5(a), Monsanto shall pay to the Agent the Termination Fee applicable pursuant to the Table set forth in Section 10.4(d)."
"BERKELEYLIGHTS,INC_06_26_2020-EX-10.12-COLLABORATION AGREEMENT",0,204175,204739,"([***]) by the non-hiring Party in the immediately prior calendar year and, further, if the individual solicited and then hired in violation of this is a Key Person under Section 5.4.1(b) (Dedicated FTEs; Key Persons), then BLI shall have [***] ([***]) months to identify an employee as the individual to replace such Key Person and any (a) [***] or (b) [***], in each case (a)-(b), to the extent due to the absence of such Key Person performing a Workflow Development Plan upon which the Key Person was engaged, shall be deemed waived for that [***] month period."
"BERKELEYLIGHTS,INC_06_26_2020-EX-10.12-COLLABORATION AGREEMENT",1,203856,204155,"In the event that a Party solicits and then hires an employee of the other Party in violation of this Section 14.4 (Non-Solicit), the hiring Party shall, [***], within [***] ([***]) days of such hire, pay the other Party an amount equal to the [***] cash compensation actually paid to the individual"
GluMobileInc_20070319_S-1A_EX-10.09_436630_EX-10.09_Content License Agreement1,0,84236,84951,"In the event of termination of this Agreement and without limitation of Fox's rights and remedies all of which are expressly reserved, the following payment penalties shall apply: (i) if termination occurs in the first year of the Term, Licensee shall forfeit any Guarantee paid, and shall immediately pay any remaining Guarantee, up to the amount of ***** dollars (US$*****), and any Guarantee payments made in excess of ***** dollars ($*****) shall be refunded by Fox to Licensee; and (ii) if termination occurs in the second year of the Term, Licensee shall forfeit any Guarantee paid, and shall immediately pay any remaining portion of the Guarantee then unpaid, up to the amount of ***** dollars (US$*****). An"
TEARDROPGOLFCO_10_23_1996-EX-10.12-ENDORSEMENT AGREEMENT,0,17062,17350,"In addition, TPC agrees that Consolidated Artists shall be entitled to the Retainer Fee prorated to the effective date of termination as well any Tournament Bonuses, Money List Bonuses and any Royalty Compensation earned by Consolidated Artists prior to the effective date of termination."
BLUEFLYINC_03_27_2002-EX-10.27-e-business Hosting Agreement,0,17574,17796,IBM will give       Customer a credit equal to the amount Customer paid IBM for the applicable       Materials or for use of the applicable Base Components up to a maximum of       twelve (12) months of applicable charges.
MANUFACTURERSSERVICESLTD_06_05_2000-EX-10.14-OUTSOURCING AGREEMENT,0,224959,225318,"In the case where any specific Product, shipped to IBM from MSL within any       [*] month experiences a defect rate of [*]% or greater, resulting from a       common cause due to MSL's non-conformance to specifications, drawings,       other descriptions furnished or adopted by IBM, or due to workmanship, MSL       will accept the cost of a Product Recall."
MANUFACTURERSSERVICESLTD_06_05_2000-EX-10.14-OUTSOURCING AGREEMENT,1,155476,155829,"For any calendar month, if MSL fails to achieve a responsiveness, as             defined in Appendix 3, of at least [*]% for any machine type, in a             Work Center, a penalty of [*]% will be applied to that Work Center's             monthly total material cost of that machine type multiplied by             ([*]% minus actual responsiveness %)."
ZtoExpressCaymanInc_20160930_F-1_EX-10.10_9752871_EX-10.10_Transportation Agreement,0,7655,7769,Party B shall pay one-month freight as liquidated damages in case of termination of the Agreement without consent.
ZtoExpressCaymanInc_20160930_F-1_EX-10.10_9752871_EX-10.10_Transportation Agreement,1,3845,4291,"Unless otherwise approved by Party A, in the event of parcel transfer due to Party B's vehicle delay, Party B shall pay liquidated damages to Party A at the standard rate of RMB500 per trip on the first working day, RMB1,000 per trip on the second working day and RMB2,000 per trip on the third working day (based on the time records on the parcel transfer documents) and such liquidated damages will be deducted from the current month's freight."
"GOOSEHEADINSURANCE,INC_04_02_2018-EX-10.6-Franchise Agreement",0,168895,169645,"If we terminate this Agreement based on your default, or if you abandon or otherwise cease to operate the Franchised Business, in addition to all other amounts due to us under this Agreement, you agree to pay to us, as liquidated damages, an amount calculated as follows: (a) the average of your monthly Royalty Fees that are due under this Agreement for the twelve (12) months immediately before your abandonment or our delivery of the notice of default (or, if you have been operating for less than 12 months, the average of your monthly Royalty Fees for the number of months you have operated the Franchised Business); (b) multiplied by the lesser of 36 or the number of months remaining in the then-current term of this Agreement under Section 2."
JOINTCORP_09_19_2014-EX-10.15-FRANCHISE AGREEMENT,0,71246,71879,"In the event that you use, sell or distribute unauthorized products or services, and do not cease the use, sale, or distribution of unauthorized services or products within ten (10) days after written notice is given to you, we reserve the right to terminate this agreement and/or charge you a fee of One Hundred and No/100 Dollars ($100.00) for each day that you fail to comply with our demand to cease the use, sale or distribution of unauthorized products or services, which is a reasonable estimate of the damages we would incur from your continued use, sale or distribution of unauthorized products or services, and not a penalt"
SUNTRONCORP_05_17_2006-EX-10.22-MAINTENANCE AGREEMENT,0,6615,6778,The payment of such amount is intended to constitute liquidated damages to the Agent and the Lenders and shall not be deemed to constitute a forfeiture or penalty.
SUNTRONCORP_05_17_2006-EX-10.22-MAINTENANCE AGREEMENT,1,6038,6614,"The Investor, the Agent and the Lenders hereby acknowledge and agree that (a) an amount equal to the lesser of (i) the full amount of each Required Capital Contribution that has not been made by the Investor and (ii) the then-outstanding balance of the Obligations, represents a reasonable estimate of the damages which the Agent and the Lenders will sustain upon the occurrence of an Maintenance Event of Default hereunder, and (b) such lesser amount will be the full, agreed and liquidated damages resulting from the occurrence of any Maintenance Event of Default hereunder."
